<?xml version="1.0" encoding="utf-8"?>
<COLLADA xmlns="http://www.collada.org/2005/11/COLLADASchema" version="1.4.1" xmlns:xsi="http://www.w3.org/2001/XMLSchema-instance">
  <asset>
    <contributor>
      <author>Blender User</author>
      <authoring_tool>Blender 4.3.2 commit date:2024-12-16, commit time:21:10, hash:32f5fdce0a0a</authoring_tool>
    </contributor>
    <created>2025-05-13T11:52:33</created>
    <modified>2025-05-13T11:52:33</modified>
    <unit name="meter" meter="1"/>
    <up_axis>Z_UP</up_axis>
  </asset>
  <library_effects>
    <effect id="Material_002-effect">
      <profile_COMMON>
        <technique sid="common">
          <lambert>
            <emission>
              <color sid="emission">0 0 0 1</color>
            </emission>
            <diffuse>
              <color sid="diffuse">0.4019751 0.3967555 0.4178852 1</color>
            </diffuse>
            <reflectivity>
              <float sid="specular">0.2952756</float>
            </reflectivity>
            <index_of_refraction>
              <float sid="ior">1.5</float>
            </index_of_refraction>
          </lambert>
        </technique>
      </profile_COMMON>
    </effect>
    <effect id="Material_007-effect">
      <profile_COMMON>
        <newparam sid="HDD_Label_004-surface">
          <surface type="2D">
            <init_from>HDD_Label_004</init_from>
          </surface>
        </newparam>
        <newparam sid="HDD_Label_004-sampler">
          <sampler2D>
            <source>HDD_Label_004-surface</source>
          </sampler2D>
        </newparam>
        <technique sid="common">
          <lambert>
            <emission>
              <color sid="emission">0 0 0 1</color>
            </emission>
            <diffuse>
              <texture texture="HDD_Label_004-sampler" texcoord="UVMap"/>
            </diffuse>
            <index_of_refraction>
              <float sid="ior">1.5</float>
            </index_of_refraction>
          </lambert>
        </technique>
      </profile_COMMON>
    </effect>
    <effect id="Material_009-effect">
      <profile_COMMON>
        <newparam sid="HDD_BaseColor_png-surface">
          <surface type="2D">
            <init_from>HDD_BaseColor_png</init_from>
          </surface>
        </newparam>
        <newparam sid="HDD_BaseColor_png-sampler">
          <sampler2D>
            <source>HDD_BaseColor_png-surface</source>
          </sampler2D>
        </newparam>
        <technique sid="common">
          <lambert>
            <emission>
              <color sid="emission">0 0 0 1</color>
            </emission>
            <diffuse>
              <texture texture="HDD_BaseColor_png-sampler" texcoord="UVMap.001"/>
            </diffuse>
            <index_of_refraction>
              <float sid="ior">1.5</float>
            </index_of_refraction>
          </lambert>
        </technique>
      </profile_COMMON>
    </effect>
    <effect id="Material_010-effect">
      <profile_COMMON>
        <technique sid="common">
          <lambert>
            <emission>
              <color sid="emission">0 0 0 1</color>
            </emission>
            <diffuse>
              <color sid="diffuse">0.06303092 0.06303092 0.06303092 1</color>
            </diffuse>
            <index_of_refraction>
              <float sid="ior">1.5</float>
            </index_of_refraction>
          </lambert>
        </technique>
      </profile_COMMON>
    </effect>
  </library_effects>
  <library_images>
    <image id="HDD_BaseColor_png" name="HDD_BaseColor_png">
      <init_from>HDD_BaseColor.png</init_from>
    </image>
    <image id="HDD_Label_004" name="HDD_Label_004">
      <init_from>HDD_Label.004.png</init_from>
    </image>
  </library_images>
  <library_materials>
    <material id="Material_002-material" name="Material.002">
      <instance_effect url="#Material_002-effect"/>
    </material>
    <material id="Material_007-material" name="Material.007">
      <instance_effect url="#Material_007-effect"/>
    </material>
    <material id="Material_009-material" name="Material.009">
      <instance_effect url="#Material_009-effect"/>
    </material>
    <material id="Material_010-material" name="Material.010">
      <instance_effect url="#Material_010-effect"/>
    </material>
  </library_materials>
  <library_geometries>
    <geometry id="Plane_003-mesh" name="Plane.003">
      <mesh>
        <source id="Plane_003-mesh-positions">
          <float_array id="Plane_003-mesh-positions-array" count="1599">122.3703 54.91769 6.966803 114.0541 55.32966 17.42327 117.0228 55.32966 15.70929 111.0854 55.32966 15.70929 111.0854 55.32966 12.28134 114.0541 55.32966 10.56736 117.0228 55.32966 12.28134 114.0956 54.76146 6.633481 112.6722 54.76146 6.773684 111.3034 54.76146 7.188883 110.042 54.76146 7.863137 108.9363 54.76146 8.770535 108.0289 54.76146 9.876207 107.3546 54.76146 11.13765 106.9394 54.76146 12.5064 106.7992 54.76146 13.92985 106.9394 54.76146 15.3533 107.3546 54.76146 16.72205 108.0289 54.76146 17.9835 108.9363 54.76146 19.08916 110.042 54.76146 19.99656 111.3034 54.76146 20.67082 112.6722 54.76146 21.08602 114.0956 54.76146 21.22623 115.5191 54.76146 21.08602 116.8878 54.76146 20.67082 118.1492 54.76146 19.99656 119.2549 54.76146 19.08916 120.1623 54.76146 17.9835 120.8366 54.76146 16.72205 121.2518 54.76146 15.3533 121.392 54.76146 13.92985 121.2518 54.76146 12.5064 120.8366 54.76146 11.13765 120.1623 54.76146 9.876207 119.2549 54.76146 8.770535 118.1492 54.76146 7.863137 116.8878 54.76146 7.188883 115.5191 54.76146 6.773684 112.6722 56.01845 6.773684 114.0956 56.01845 6.633481 111.3034 56.01845 7.188883 110.042 56.01845 7.863137 108.9363 56.01845 8.770535 108.0289 56.01845 9.876207 107.3546 56.01845 11.13765 106.9394 56.01845 12.5064 106.7992 56.01845 13.92985 106.9394 56.01845 15.3533 107.3546 56.01845 16.72205 108.0289 56.01845 17.9835 108.9363 56.01845 19.08916 110.042 56.01845 19.99656 111.3034 56.01845 20.67082 112.6722 56.01845 21.08602 114.0956 56.01845 21.22623 115.5191 56.01845 21.08602 116.8878 56.01845 20.67082 118.1492 56.01845 19.99656 119.2549 56.01845 19.08916 120.1623 56.01845 17.9835 120.8366 56.01845 16.72205 121.2518 56.01845 15.3533 121.392 56.01845 13.92985 121.2518 56.01845 12.5064 120.8366 56.01845 11.13765 120.1623 56.01845 9.876207 119.2549 56.01845 8.770535 118.1492 56.01845 7.863137 116.8878 56.01845 7.188883 115.5191 56.01845 6.773684 114.0541 56.01845 17.42327 117.0228 56.01845 15.70929 117.0228 56.01845 12.28134 111.0854 56.01845 12.28134 114.0541 56.01845 10.56736 111.0854 56.01845 15.70929 -114.0302 55.32966 17.42327 -116.9989 55.32966 15.70929 -111.0615 55.32966 15.70929 -111.0615 55.32966 12.28134 -114.0302 55.32966 10.56736 -116.9989 55.32966 12.28134 -114.0717 54.76146 6.633481 -112.6483 54.76146 6.773684 -111.2795 54.76146 7.188883 -110.0181 54.76146 7.863137 -108.9124 54.76146 8.770535 -108.005 54.76146 9.876207 -107.3308 54.76146 11.13765 -106.9156 54.76146 12.5064 -106.7754 54.76146 13.92985 -106.9156 54.76146 15.3533 -107.3308 54.76146 16.72205 -108.005 54.76146 17.9835 -108.9124 54.76146 19.08916 -110.0181 54.76146 19.99656 -111.2795 54.76146 20.67082 -112.6483 54.76146 21.08602 -114.0717 54.76146 21.22623 -115.4952 54.76146 21.08602 -116.8639 54.76146 20.67082 -118.1254 54.76146 19.99656 -119.2311 54.76146 19.08916 -120.1384 54.76146 17.9835 -120.8127 54.76146 16.72205 -121.2279 54.76146 15.3533 -121.3681 54.76146 13.92985 -121.2279 54.76146 12.5064 -120.8127 54.76146 11.13765 -120.1384 54.76146 9.876207 -119.2311 54.76146 8.770535 -118.1254 54.76146 7.863137 -116.8639 54.76146 7.188883 -115.4952 54.76146 6.773684 -112.6483 56.01845 6.773684 -114.0717 56.01845 6.633481 -111.2795 56.01845 7.188883 -110.0181 56.01845 7.863137 -108.9124 56.01845 8.770535 -108.005 56.01845 9.876207 -107.3308 56.01845 11.13765 -106.9156 56.01845 12.5064 -106.7754 56.01845 13.92985 -106.9156 56.01845 15.3533 -107.3308 56.01845 16.72205 -108.005 56.01845 17.9835 -108.9124 56.01845 19.08916 -110.0181 56.01845 19.99656 -111.2795 56.01845 20.67082 -112.6483 56.01845 21.08602 -114.0717 56.01845 21.22623 -115.4952 56.01845 21.08602 -116.8639 56.01845 20.67082 -118.1254 56.01845 19.99656 -119.2311 56.01845 19.08916 -120.1384 56.01845 17.9835 -120.8127 56.01845 16.72205 -121.2279 56.01845 15.3533 -121.3681 56.01845 13.92985 -121.2279 56.01845 12.5064 -120.8127 56.01845 11.13765 -120.1384 56.01845 9.876207 -119.2311 56.01845 8.770535 -118.1254 56.01845 7.863137 -116.8639 56.01845 7.188883 -115.4952 56.01845 6.773684 -114.0302 56.01845 17.42327 -116.9989 56.01845 15.70929 -116.9989 56.01845 12.28134 -111.0615 56.01845 12.28134 -114.0302 56.01845 10.56736 -111.0615 56.01845 15.70929 0.1058198 54.42041 173.5529 3.074511 54.42041 171.839 -2.862873 54.42041 171.839 -2.862873 54.42041 168.411 0.1058198 54.42041 166.697 3.074511 54.42041 168.411 0.14733 53.85221 162.7631 -1.276121 53.85221 162.9033 -2.64487 53.85221 163.3185 -3.906318 53.85221 163.9928 -5.011987 53.85221 164.9002 -5.919378 53.85221 166.0058 -6.593638 53.85221 167.2673 -7.008844 53.85221 168.6361 -7.14904 53.85221 170.0595 -7.008844 53.85221 171.483 -6.593638 53.85221 172.8517 -5.919378 53.85221 174.1132 -5.011987 53.85221 175.2188 -3.906318 53.85221 176.1262 -2.64487 53.85221 176.8005 -1.276121 53.85221 177.2157 0.14733 53.85221 177.3559 1.570781 53.85221 177.2157 2.939527 53.85221 176.8005 4.200975 53.85221 176.1262 5.306643 53.85221 175.2188 6.214036 53.85221 174.1132 6.888297 53.85221 172.8517 7.303499 53.85221 171.483 7.443698 53.85221 170.0595 7.303499 53.85221 168.6361 6.888297 53.85221 167.2673 6.214036 53.85221 166.0058 5.306643 53.85221 164.9002 4.200975 53.85221 163.9928 2.939527 53.85221 163.3185 1.570781 53.85221 162.9033 -1.276121 55.1092 162.9033 0.14733 55.1092 162.7631 -2.64487 55.1092 163.3185 -3.906318 55.1092 163.9928 -5.011987 55.1092 164.9002 -5.919378 55.1092 166.0058 -6.593638 55.1092 167.2673 -7.008844 55.1092 168.6361 -7.14904 55.1092 170.0595 -7.008844 55.1092 171.483 -6.593638 55.1092 172.8517 -5.919378 55.1092 174.1132 -5.011987 55.1092 175.2188 -3.906318 55.1092 176.1262 -2.64487 55.1092 176.8005 -1.276121 55.1092 177.2157 0.14733 55.1092 177.3559 1.570781 55.1092 177.2157 2.939527 55.1092 176.8005 4.200975 55.1092 176.1262 5.306643 55.1092 175.2188 6.214036 55.1092 174.1132 6.888297 55.1092 172.8517 7.303499 55.1092 171.483 7.443698 55.1092 170.0595 7.303499 55.1092 168.6361 6.888297 55.1092 167.2673 6.214036 55.1092 166.0058 5.306643 55.1092 164.9002 4.200975 55.1092 163.9928 2.939527 55.1092 163.3185 1.570781 55.1092 162.9033 0.1058198 55.1092 173.5529 3.074511 55.1092 171.839 3.074511 55.1092 168.411 -2.862873 55.1092 168.411 0.1058198 55.1092 166.697 -2.862873 55.1092 171.839 -112.8641 57.15303 -168.2769 -115.8328 57.15303 -169.9909 -109.8954 57.15303 -169.9909 -109.8954 57.15303 -173.4188 -112.8641 57.15303 -175.1328 -115.8328 57.15303 -173.4188 -112.9056 56.58482 -179.0667 -111.4821 56.58482 -178.9265 -110.1134 56.58482 -178.5113 -108.8519 56.58482 -177.837 -107.7463 56.58482 -176.9296 -106.8389 56.58482 -175.8239 -106.1646 56.58482 -174.5625 -105.7494 56.58482 -173.1938 -105.6092 56.58482 -171.7703 -105.7494 56.58482 -170.3468 -106.1646 56.58482 -168.9781 -106.8389 56.58482 -167.7166 -107.7463 56.58482 -166.611 -108.8519 56.58482 -165.7036 -110.1134 56.58482 -165.0293 -111.4821 56.58482 -164.6141 -112.9056 56.58482 -164.4739 -114.329 56.58482 -164.6141 -115.6978 56.58482 -165.0293 -116.9592 56.58482 -165.7036 -118.0649 56.58482 -166.611 -118.9723 56.58482 -167.7166 -119.6465 56.58482 -168.9781 -120.0617 56.58482 -170.3468 -120.2019 56.58482 -171.7703 -120.0617 56.58482 -173.1938 -119.6465 56.58482 -174.5625 -118.9723 56.58482 -175.8239 -118.0649 56.58482 -176.9296 -116.9592 56.58482 -177.837 -115.6978 56.58482 -178.5113 -114.329 56.58482 -178.9265 -111.4821 57.84181 -178.9265 -112.9056 57.84181 -179.0667 -110.1134 57.84181 -178.5113 -108.8519 57.84181 -177.837 -107.7463 57.84181 -176.9296 -106.8389 57.84181 -175.8239 -106.1646 57.84181 -174.5625 -105.7494 57.84181 -173.1938 -105.6092 57.84181 -171.7703 -105.7494 57.84181 -170.3468 -106.1646 57.84181 -168.9781 -106.8389 57.84181 -167.7166 -107.7463 57.84181 -166.611 -108.8519 57.84181 -165.7036 -110.1134 57.84181 -165.0293 -111.4821 57.84181 -164.6141 -112.9056 57.84181 -164.4739 -114.329 57.84181 -164.6141 -115.6978 57.84181 -165.0293 -116.9592 57.84181 -165.7036 -118.0649 57.84181 -166.611 -118.9723 57.84181 -167.7166 -119.6465 57.84181 -168.9781 -120.0617 57.84181 -170.3468 -120.2019 57.84181 -171.7703 -120.0617 57.84181 -173.1938 -119.6465 57.84181 -174.5625 -118.9723 57.84181 -175.8239 -118.0649 57.84181 -176.9296 -116.9592 57.84181 -177.837 -115.6978 57.84181 -178.5113 -114.329 57.84181 -178.9265 -112.8641 57.84181 -168.2769 -115.8328 57.84181 -169.9909 -115.8328 57.84181 -173.4188 -109.8954 57.84181 -173.4188 -112.8641 57.84181 -175.1328 -109.8954 57.84181 -169.9909 112.8879 57.15303 -168.2769 115.8566 57.15303 -169.9909 109.9193 57.15303 -169.9909 109.9193 57.15303 -173.4188 112.8879 57.15303 -175.1328 115.8566 57.15303 -173.4188 112.9295 56.58482 -179.0667 111.506 56.58482 -178.9265 110.1373 56.58482 -178.5113 108.8758 56.58482 -177.837 107.7701 56.58482 -176.9296 106.8627 56.58482 -175.8239 106.1885 56.58482 -174.5625 105.7733 56.58482 -173.1938 105.6331 56.58482 -171.7703 105.7733 56.58482 -170.3468 106.1885 56.58482 -168.9781 106.8627 56.58482 -167.7166 107.7701 56.58482 -166.611 108.8758 56.58482 -165.7036 110.1373 56.58482 -165.0293 111.506 56.58482 -164.6141 112.9295 56.58482 -164.4739 114.3529 56.58482 -164.6141 115.7217 56.58482 -165.0293 116.9831 56.58482 -165.7036 118.0888 56.58482 -166.611 118.9962 56.58482 -167.7166 119.6704 56.58482 -168.9781 120.0856 56.58482 -170.3468 120.2258 56.58482 -171.7703 120.0856 56.58482 -173.1938 119.6704 56.58482 -174.5625 118.9962 56.58482 -175.8239 118.0888 56.58482 -176.9296 116.9831 56.58482 -177.837 115.7217 56.58482 -178.5113 114.3529 56.58482 -178.9265 111.506 57.84181 -178.9265 112.9295 57.84181 -179.0667 110.1373 57.84181 -178.5113 108.8758 57.84181 -177.837 107.7701 57.84181 -176.9296 106.8627 57.84181 -175.8239 106.1885 57.84181 -174.5625 105.7733 57.84181 -173.1938 105.6331 57.84181 -171.7703 105.7733 57.84181 -170.3468 106.1885 57.84181 -168.9781 106.8627 57.84181 -167.7166 107.7701 57.84181 -166.611 108.8758 57.84181 -165.7036 110.1373 57.84181 -165.0293 111.506 57.84181 -164.6141 112.9295 57.84181 -164.4739 114.3529 57.84181 -164.6141 115.7217 57.84181 -165.0293 116.9831 57.84181 -165.7036 118.0888 57.84181 -166.611 118.9962 57.84181 -167.7166 119.6704 57.84181 -168.9781 120.0856 57.84181 -170.3468 120.2258 57.84181 -171.7703 120.0856 57.84181 -173.1938 119.6704 57.84181 -174.5625 118.9962 57.84181 -175.8239 118.0888 57.84181 -176.9296 116.9831 57.84181 -177.837 115.7217 57.84181 -178.5113 114.3529 57.84181 -178.9265 112.8879 57.84181 -168.2769 115.8566 57.84181 -169.9909 115.8566 57.84181 -173.4188 109.9193 57.84181 -173.4188 112.8879 57.84181 -175.1328 109.9193 57.84181 -169.9909 -112.8641 57.15303 168.2769 -115.8328 57.15303 169.9908 -109.8954 57.15303 169.9908 -109.8954 57.15303 173.4188 -112.8641 57.15303 175.1328 -115.8328 57.15303 173.4188 -112.9056 56.58482 179.0666 -111.4821 56.58482 178.9265 -110.1134 56.58482 178.5113 -108.8519 56.58482 177.837 -107.7463 56.58482 176.9296 -106.8389 56.58482 175.8239 -106.1646 56.58482 174.5625 -105.7494 56.58482 173.1937 -105.6092 56.58482 171.7703 -105.7494 56.58482 170.3468 -106.1646 56.58482 168.9781 -106.8389 56.58482 167.7166 -107.7463 56.58482 166.611 -108.8519 56.58482 165.7036 -110.1134 56.58482 165.0293 -111.4821 56.58482 164.6141 -112.9056 56.58482 164.4739 -114.329 56.58482 164.6141 -115.6978 56.58482 165.0293 -116.9592 56.58482 165.7036 -118.0649 56.58482 166.611 -118.9723 56.58482 167.7166 -119.6465 56.58482 168.9781 -120.0617 56.58482 170.3468 -120.2019 56.58482 171.7703 -120.0617 56.58482 173.1937 -119.6465 56.58482 174.5625 -118.9723 56.58482 175.8239 -118.0649 56.58482 176.9296 -116.9592 56.58482 177.837 -115.6978 56.58482 178.5113 -114.329 56.58482 178.9265 -111.4821 57.84181 178.9265 -112.9056 57.84181 179.0666 -110.1134 57.84181 178.5113 -108.8519 57.84181 177.837 -107.7463 57.84181 176.9296 -106.8389 57.84181 175.8239 -106.1646 57.84181 174.5625 -105.7494 57.84181 173.1937 -105.6092 57.84181 171.7703 -105.7494 57.84181 170.3468 -106.1646 57.84181 168.9781 -106.8389 57.84181 167.7166 -107.7463 57.84181 166.611 -108.8519 57.84181 165.7036 -110.1134 57.84181 165.0293 -111.4821 57.84181 164.6141 -112.9056 57.84181 164.4739 -114.329 57.84181 164.6141 -115.6978 57.84181 165.0293 -116.9592 57.84181 165.7036 -118.0649 57.84181 166.611 -118.9723 57.84181 167.7166 -119.6465 57.84181 168.9781 -120.0617 57.84181 170.3468 -120.2019 57.84181 171.7703 -120.0617 57.84181 173.1937 -119.6465 57.84181 174.5625 -118.9723 57.84181 175.8239 -118.0649 57.84181 176.9296 -116.9592 57.84181 177.837 -115.6978 57.84181 178.5113 -114.329 57.84181 178.9265 -112.8641 57.84181 168.2769 -115.8328 57.84181 169.9908 -115.8328 57.84181 173.4188 -109.8954 57.84181 173.4188 -112.8641 57.84181 175.1328 -109.8954 57.84181 169.9908 112.8879 57.15303 168.2769 115.8566 57.15303 169.9908 109.9193 57.15303 169.9908 109.9193 57.15303 173.4188 112.8879 57.15303 175.1328 115.8566 57.15303 173.4188 112.9295 56.58482 179.0666 111.506 56.58482 178.9265 110.1373 56.58482 178.5113 108.8758 56.58482 177.837 107.7701 56.58482 176.9296 106.8627 56.58482 175.8239 106.1885 56.58482 174.5625 105.7733 56.58482 173.1937 105.6331 56.58482 171.7703 105.7733 56.58482 170.3468 106.1885 56.58482 168.9781 106.8627 56.58482 167.7166 107.7701 56.58482 166.611 108.8758 56.58482 165.7036 110.1373 56.58482 165.0293 111.506 56.58482 164.6141 112.9295 56.58482 164.4739 114.3529 56.58482 164.6141 115.7217 56.58482 165.0293 116.9831 56.58482 165.7036 118.0888 56.58482 166.611 118.9962 56.58482 167.7166 119.6704 56.58482 168.9781 120.0856 56.58482 170.3468 120.2258 56.58482 171.7703 120.0856 56.58482 173.1937 119.6704 56.58482 174.5625 118.9962 56.58482 175.8239 118.0888 56.58482 176.9296 116.9831 56.58482 177.837 115.7217 56.58482 178.5113 114.3529 56.58482 178.9265 111.506 57.84181 178.9265 112.9295 57.84181 179.0666 110.1373 57.84181 178.5113 108.8758 57.84181 177.837 107.7701 57.84181 176.9296 106.8627 57.84181 175.8239 106.1885 57.84181 174.5625 105.7733 57.84181 173.1937 105.6331 57.84181 171.7703 105.7733 57.84181 170.3468 106.1885 57.84181 168.9781 106.8627 57.84181 167.7166 107.7701 57.84181 166.611 108.8758 57.84181 165.7036 110.1373 57.84181 165.0293 111.506 57.84181 164.6141 112.9295 57.84181 164.4739 114.3529 57.84181 164.6141 115.7217 57.84181 165.0293 116.9831 57.84181 165.7036 118.0888 57.84181 166.611 118.9962 57.84181 167.7166 119.6704 57.84181 168.9781 120.0856 57.84181 170.3468 120.2258 57.84181 171.7703 120.0856 57.84181 173.1937 119.6704 57.84181 174.5625 118.9962 57.84181 175.8239 118.0888 57.84181 176.9296 116.9831 57.84181 177.837 115.7217 57.84181 178.5113 114.3529 57.84181 178.9265 112.8879 57.84181 168.2769 115.8566 57.84181 169.9908 115.8566 57.84181 173.4188 109.9193 57.84181 173.4188 112.8879 57.84181 175.1328 109.9193 57.84181 169.9908</float_array>
          <technique_common>
            <accessor source="#Plane_003-mesh-positions-array" count="533" stride="3">
              <param name="X" type="float"/>
              <param name="Y" type="float"/>
              <param name="Z" type="float"/>
            </accessor>
          </technique_common>
        </source>
        <source id="Plane_003-mesh-normals">
          <float_array id="Plane_003-mesh-normals-array" count="3330">0 1 0 0 -1 -8.52286e-7 0 -1 2.86437e-7 0 -1 2.30448e-6 0 1 4.96908e-7 0 1 3.60163e-7 -0.9951858 0 -0.09800624 -0.9951858 0 -0.09800624 -0.9951859 0 -0.09800618 0.8819183 0 0.4714024 0.8819182 0 0.4714026 0.8819177 0 0.4714034 -0.9951859 0 0.0980066 -0.9951859 0 0.0980066 -0.9951858 0 0.09800672 0.9569402 0 0.2902855 0.9569402 0 0.2902854 0.9569404 0 0.2902845 -0.9569402 0 0.2902855 -0.9569402 0 0.2902854 -0.9569404 0 0.2902845 0.9951853 0 0.09801214 0.9951853 0 0.09801208 0.9951853 0 0.09801173 -0.8819182 0 0.4714026 -0.8819183 0 0.4714024 -0.8819187 0 0.4714016 0.9951853 0 -0.09801179 0.9951853 0 -0.09801173 0.9951853 0 -0.09801155 -0.7730067 0 0.6343981 0.9569401 0 -0.2902855 0.9569402 0 -0.2902853 0.9569405 0 -0.2902842 -0.6343908 0 0.7730125 -0.634391 0 0.7730123 -0.6343926 0 0.773011 0.8819172 0 -0.4714045 0.8819173 0 -0.4714043 -0.4713957 0 0.8819218 -0.4713959 0 0.8819217 -0.4713966 0 0.8819213 -0.09801977 0 -0.9951845 -0.09801977 0 -0.9951845 -0.09801989 0 -0.9951846 0.7730132 0 -0.6343899 0.7730135 0 -0.6343896 0.7730146 0 -0.6343883 -0.2902862 0 0.9569399 -0.2902862 0 0.9569399 -0.2902829 0 -0.9569409 -0.2902828 0 -0.9569409 -0.2902823 0 -0.9569411 0.6343928 0 -0.7730109 0.6343926 0 -0.773011 0.634392 0 -0.7730116 -0.0980212 0 0.9951844 -0.09802144 0 0.9951843 -0.09802299 0 0.9951841 -0.471393 0 -0.8819234 -0.471393 0 -0.8819233 -0.4713934 0 -0.8819231 0.471393 0 -0.8819233 0.471393 0 -0.8819234 0.4713926 0 -0.8819236 0.09802156 0 0.9951843 0.09802114 0 0.9951844 0.09801882 0 0.9951847 -0.6343906 0 -0.7730127 -0.6343907 0 -0.7730126 -0.6343914 0 -0.7730122 0.2902828 0 -0.9569409 0.2902829 0 -0.9569409 0.2902833 0 -0.9569408 0.2902862 0 0.9569399 0.2902862 0 0.9569399 -0.7730102 0 -0.6343936 -0.7730102 0 -0.6343936 -0.77301 0 -0.6343939 0.09801983 0 -0.9951846 0.09801965 0 -0.9951845 0.09801882 0 -0.9951847 0.4713959 0 0.8819217 0.4713957 0 0.8819218 0.471395 0 0.8819223 -0.8819172 0 -0.4714045 -0.8819171 0 -0.4714047 0.6343932 0 0.7730106 0.6343929 0 0.7730108 0.6343914 0 0.7730122 -0.9569402 0 -0.2902855 -0.9569402 0 -0.2902854 -0.9569404 0 -0.2902848 0.7730096 0 0.6343944 0.7730098 0 0.6343941 0.7730108 0 0.634393 -0.500002 0 0.8660243 -0.5000011 0 0.8660248 -0.5000022 0 0.8660243 0.5000011 0 0.8660249 0.500002 0 0.8660243 0.500001 0 0.8660249 1 0 0 0.5000006 0 -0.8660251 0.5000004 0 -0.8660253 0.5000007 0 -0.8660251 -1 0 0 0 1 -2.06527e-7 0 1 -1.80626e-7 0 1 -1.02535e-6 -0.5000004 0 -0.8660253 -0.5000007 0 -0.8660252 -0.5000004 0 -0.8660253 0 -1 -2.32491e-7 0 -1 -2.47978e-6 0 -1 0 0 1 3.46767e-7 0.9951853 0 -0.09801173 0.9951853 0 -0.09801179 0.9951853 0 -0.09801143 -0.8819245 0 0.4713909 -0.8819243 0 0.471391 -0.8819248 0 0.4713902 0.9951853 0 0.09801208 0.9951853 0 0.09801214 0.9951853 0 0.09801197 -0.9951853 0 0.09801208 -0.9951853 0 0.09801214 -0.9951853 0 0.09801173 0.8819245 0 0.4713907 0.8819243 0 0.4713912 0.8819257 0 0.4713884 -0.9951853 0 -0.09801173 -0.9951853 0 -0.09801179 -0.9951853 0 -0.09801155 -0.9569402 0 -0.2902853 -0.9569401 0 -0.2902855 -0.9569405 0 -0.2902842 0.634393 0 0.7730107 0.634393 0 0.7730108 0.6343926 0 0.773011 -0.8819234 0 -0.4713928 -0.8819233 0 -0.4713931 -0.8819244 0 -0.4713911 0.4713966 0 0.8819213 0.09801977 0 -0.9951845 0.09801977 0 -0.9951845 0.09801989 0 -0.9951846 -0.7730135 0 -0.6343896 -0.7730132 0 -0.6343899 -0.7730146 0 -0.6343883 0.2902815 0 0.9569413 0.290278 0 -0.9569424 0.2902781 0 -0.9569423 0.2902776 0 -0.9569425 -0.6343926 0 -0.773011 -0.6343928 0 -0.7730109 -0.634392 0 -0.7730116 0.09802144 0 0.9951843 0.0980212 0 0.9951844 0.09802299 0 0.9951841 0.4713934 0 -0.8819231 -0.4713926 0 -0.8819236 -0.09802287 0 0.9951843 -0.09802311 0 0.9951843 -0.09802132 0 0.9951844 0.6343926 0 -0.773011 0.6343928 0 -0.7730109 0.6343914 0 -0.7730122 -0.2902781 0 -0.9569423 -0.290278 0 -0.9569424 -0.2902786 0 -0.9569422 -0.2902815 0 0.9569413 0.7730134 0 -0.6343898 0.7730133 0 -0.6343899 0.7730143 0 -0.6343888 -0.09802138 0 -0.9951843 -0.09802138 0 -0.9951843 -0.09802132 0 -0.9951844 -0.471395 0 0.8819223 0.8819234 0 -0.4713928 0.8819233 0 -0.4713931 0.8819242 0 -0.4713916 -0.6343929 0 0.7730108 -0.6343932 0 0.7730106 -0.6343914 0 0.7730122 0.9569402 0 -0.2902854 0.9569402 0 -0.2902855 0.9569404 0 -0.2902848 -0.7730098 0 0.6343941 -0.7730096 0 0.6343944 -0.7730108 0 0.634393 0.5000011 0 0.8660248 0.500002 0 0.8660243 0.5000022 0 0.8660243 -0.500002 0 0.8660243 -0.5000011 0 0.8660249 -0.500001 0 0.8660249 -0.5000006 0 -0.8660251 -0.5000007 0 -0.8660251 0 1 -9.08115e-7 0 1 -2.35667e-7 0 1 -5.12678e-7 0.5000007 0 -0.8660252 0.5000004 0 -0.8660253 4.79309e-4 -0.9999999 0 2.39655e-4 -0.9999999 -4.15093e-4 -2.39653e-4 -0.9999999 -4.15094e-4 0 -1 -3.26901e-6 0 -1 0 0 -1 2.16036e-6 0 1 -1.05284e-6 0 1 -8.99377e-7 0 1 0 -0.9951848 0 -0.0980162 -0.9951848 0 -0.09801626 -0.9951848 0 -0.09801679 0.8819187 0 0.4714015 0.8819184 0 0.4714021 0.8819167 0 0.4714054 -0.9951849 0 0.09801542 -0.9951849 0 0.09801536 -0.995185 0 0.09801512 0.9569409 0 0.2902832 0.956941 0 0.2902826 0.9569419 0 0.2902796 -0.9569401 0 0.2902856 -0.9569399 0 0.290286 -0.9569393 0 0.2902882 0.9951847 0 0.09801781 0.9951847 0 0.09801775 0.9951848 0 0.09801721 -0.8819192 0 0.4714006 -0.8819198 0 0.4713998 -0.8819223 0 0.471395 0.9951846 0 -0.0980187 0.9951846 0 -0.09801846 0.9951848 0 -0.09801721 -0.7730125 0 0.634391 -0.7730118 0 0.6343917 -0.7730087 0 0.6343955 0.9569416 0 -0.2902806 0.9569417 0 -0.2902805 0.9569419 0 -0.2902796 -0.6343986 0 0.7730063 -0.6343994 0 0.7730055 -0.634404 0 0.7730017 0.8819223 0 -0.4713951 0.8819226 0 -0.4713945 0.8819242 0 -0.4713913 -0.4713889 0 0.8819255 -0.4713879 0 0.881926 -0.4713819 0 0.8819293 -0.09802341 0 -0.9951842 -0.09802347 0 -0.9951842 -0.09802383 0 -0.9951841 0.7730118 0 -0.6343917 0.7730125 0 -0.634391 0.7730155 0 -0.6343871 -0.2902858 0 0.95694 -0.2902871 0 -0.9569396 -0.2902845 0 -0.9569405 -0.2902702 0 -0.9569447 0.6343937 0 -0.7730102 0.6343941 0 -0.7730099 0.634396 0 -0.7730084 -0.09802204 0 0.9951843 -0.09802484 0 0.995184 -0.09804064 0 0.9951825 -0.4713808 0 -0.8819299 -0.4713829 0 -0.8819286 -0.471395 0 -0.8819223 0.4713829 0 -0.8819286 0.4713808 0 -0.8819299 0.4713686 0 -0.8819363 0.09802478 0 0.995184 0.0980221 0 0.9951843 0.09800702 0 0.9951858 -0.6343939 0 -0.77301 0.2902845 0 -0.9569405 0.2902871 0 -0.9569396 0.2903014 0 -0.9569354 0.2902858 0 0.95694 -0.7730125 0 -0.634391 -0.7730118 0 -0.6343917 -0.7730087 0 -0.6343955 0.09802341 0 -0.9951842 0.09802347 0 -0.9951842 0.09802383 0 -0.9951841 0.4713879 0 0.881926 0.4713889 0 0.8819255 -0.8819233 0 -0.4713931 -0.8819231 0 -0.4713934 -0.8819223 0 -0.471395 0.6343992 0 0.7730056 0.6343987 0 0.773006 0.634396 0 0.7730084 -0.9569407 0 -0.2902835 -0.9569408 0 -0.2902835 0.7730118 0 0.6343917 0.7730125 0 0.634391 0.7730155 0 0.6343871 -0.5000051 0 0.8660225 -0.4999936 0 0.8660291 -0.500007 0 0.8660214 0.4999978 0 0.8660266 0.5000009 0 0.8660249 0.4999973 0 0.8660269 0.4999978 0 -0.8660266 0.5000009 0 -0.8660249 0.4999973 0 -0.8660269 0 1 -6.48215e-7 0 1 0 0 1 1.28216e-6 -0.5000051 0 -0.8660225 -0.4999936 0 -0.8660291 -0.500007 0 -0.8660214 0 -1 -1.59219e-7 0 -1 4.70531e-7 0 -1 1.59257e-7 0 1 -4.68955e-7 0.9951853 0 -0.09801095 0.9951854 0 -0.09801089 0.9951853 0 -0.09801143 -0.8819261 0 0.4713878 -0.8819254 0 0.471389 -0.8819296 0 0.4713814 0.9951852 0 0.0980125 0.9951852 0 0.09801268 0.9951853 0 0.09801143 -0.9569402 0 0.2902851 -0.9569405 0 0.2902846 0.9569404 0 0.2902848 0.9569403 0 0.2902849 0.9569408 0 0.2902835 -0.9951852 0 0.09801274 -0.9951852 0 0.09801238 -0.995185 0 0.09801477 0.8819254 0 0.471389 0.8819261 0 0.4713878 0.881922 0 0.4713955 -0.9951853 0 -0.09801095 -0.9951854 0 -0.09801089 -0.9951853 0 -0.09801143 0.7730129 0 0.6343902 0.7730133 0 0.6343898 -0.9569388 0 -0.2902898 -0.9569391 0 -0.2902893 -0.9569379 0 -0.2902929 0.6343905 0 0.7730128 0.6343913 0 0.7730121 0.6343858 0 0.7730167 -0.8819276 0 -0.4713853 -0.8819277 0 -0.4713847 -0.8819257 0 -0.4713884 0.4714011 0 0.8819189 0.4714022 0 0.8819184 0.0980066 0 -0.9951859 0.09800666 0 -0.9951859 0.09800618 0 -0.9951859 -0.7730129 0 -0.6343902 -0.7730133 0 -0.6343898 -0.7730108 0 -0.634393 0.2902845 0 0.9569405 0.2902847 0 0.9569404 0.2902835 0 0.9569408 0.2902858 0 -0.95694 0.2902835 0 -0.9569408 0.290299 0 -0.9569361 -0.6343905 0 -0.7730128 -0.6343913 0 -0.7730121 -0.6343858 0 -0.7730167 0.09801566 0 0.9951849 0.09801435 0 0.9951851 0.4714022 0 -0.8819184 0.4714011 0 -0.8819189 0.4714083 0 -0.8819152 -0.4714011 0 -0.8819189 -0.4714022 0 -0.8819184 -0.09801602 0 0.9951848 -0.09801733 0 0.9951848 -0.09800869 0 0.9951856 0.6343913 0 -0.7730121 0.6343905 0 -0.7730128 -0.2902833 0 -0.9569408 -0.290286 0 -0.9569399 -0.2902679 0 -0.9569455 -0.2902845 0 0.9569405 -0.2902847 0 0.9569404 -0.2902835 0 0.9569408 0.7730128 0 -0.6343905 0.7730175 0 -0.6343846 -0.09800833 0 -0.9951857 -0.09800827 0 -0.9951857 -0.09800869 0 -0.9951856 -0.4714022 0 0.8819184 -0.4714011 0 0.8819189 -0.4714083 0 0.8819152 0.8819277 0 -0.4713847 0.8819276 0 -0.4713853 0.8819296 0 -0.4713814 -0.6343913 0 0.7730121 -0.6343905 0 0.7730128 -0.634396 0 0.7730084 0.9569389 0 -0.2902894 0.9569389 0 -0.2902897 0.9569393 0 -0.2902882 -0.7730135 0 0.6343896 -0.7730128 0 0.6343905 -0.7730175 0 0.6343846 0.5000064 0 0.8660217 0.4999945 0 0.8660286 0.4999924 0 0.8660297 -0.499998 0 0.8660266 -0.4999974 0 0.866027 -0.4999973 0 0.8660269 -0.4999967 0 -0.8660274 -0.4999889 0 -0.8660318 -0.4999876 0 -0.8660326 0 1 1.19606e-6 0 1 8.85388e-7 0 1 -2.3075e-6 0.499998 0 -0.8660266 0.4999932 0 -0.8660293 0.4999924 0 -0.8660297 0 -1 -1.12043e-6 0 -1 -1.74361e-7 0 -1 -5.6349e-7 0 1 4.8592e-7 0 1 -1.04259e-6 0 1 -1.01453e-6 -0.9951848 0 -0.0980165 -0.9951848 0 -0.09801644 -0.9951849 0 -0.0980162 0.8819228 0 0.4713941 0.8819235 0 0.4713926 0.8819278 0 0.4713847 -0.9951847 0 0.09801828 -0.9951847 0 0.09801793 -0.9951849 0 0.0980162 0.956943 0 0.2902759 0.9569429 0 0.2902763 0.9569423 0 0.2902784 -0.9569403 0 0.2902849 -0.9569404 0 0.2902848 -0.9569408 0 0.2902835 0.9951842 0 0.09802323 0.9951842 0 0.09802347 0.995184 0 0.09802472 -0.8819234 0 0.471393 -0.8819228 0 0.4713939 -0.8819202 0 0.4713988 0.9951843 0 -0.09802174 0.9951843 0 -0.09802168 0.9951844 0 -0.09802144 -0.7730166 0 0.634386 -0.773016 0 0.6343866 -0.7730128 0 0.6343904 0.9569435 0 -0.2902741 0.9569439 0 -0.2902733 0.9569451 0 -0.290269 -0.6343851 0 0.7730173 -0.6343842 0 0.7730179 -0.6343796 0 0.7730218 0.881919 0 -0.4714012 0.8819197 0 -0.4713997 0.8819239 0 -0.4713917 -0.4714003 0 0.8819194 -0.4713994 0 0.8819199 -0.09800785 0 -0.9951857 -0.09800785 0 -0.9951857 0.7730103 0 -0.6343935 0.7730097 0 -0.6343942 0.7730067 0 -0.6343981 -0.290269 0 0.9569452 -0.2902715 0 0.9569444 -0.2902846 0 -0.9569405 -0.2903014 0 -0.9569354 0.6343858 0 -0.7730167 -0.09803235 0 0.9951832 -0.09803378 0 0.9951832 -0.09804147 0 0.9951824 -0.4713992 0 -0.88192 -0.4714006 0 -0.8819193 -0.4714083 0 -0.8819152 0.4714057 0 -0.8819165 0.4714046 0 -0.8819171 0.4713985 0 -0.8819203 0.09803253 0 0.9951832 0.0980311 0 0.9951834 -0.6343842 0 -0.7730179 -0.6343851 0 -0.7730173 -0.6343897 0 -0.7730134 0.2902871 0 -0.9569396 0.2902846 0 -0.9569405 0.2902702 0 -0.9569447 0.2902715 0 0.9569444 0.290269 0 0.9569452 0.2902547 0 0.9569494 -0.773016 0 -0.6343866 -0.7730166 0 -0.634386 -0.7730197 0 -0.6343821 0.4714046 0 0.8819171 0.4714057 0 0.8819165 0.4714118 0 0.8819133 -0.8819196 0 -0.4714 -0.8819191 0 -0.4714009 -0.8819165 0 -0.4714059 -0.9569413 0 -0.290282 -0.9569409 0 -0.290283 -0.9569393 0 -0.2902882 0.7730097 0 0.6343942 0.7730103 0 0.6343935 0.7730134 0 0.6343897 -0.4999945 0 0.8660286 -0.5000064 0 0.8660217 -0.4999924 0 0.8660297 0.4999974 0 0.866027 0.499998 0 0.8660266 0.4999889 0 -0.8660318 0.4999967 0 -0.8660274 0.4999876 0 -0.8660326 0 1 6.04644e-7 0 1 7.50347e-7 0 1 -1.51851e-6 -0.4999932 0 -0.8660293 -0.499998 0 -0.8660266 -0.4999924 0 -0.8660297 -1.67809e-4 1 -2.90597e-4 1.67794e-4 1 2.90605e-4 -1.67809e-4 1 -2.90597e-4 0 -1 3.53595e-7 0 -1 -7.82737e-7 0 -1 -8.55268e-7 0 1 -2.28966e-6 0 1 -1.94194e-6 0 1 1.04393e-6 0.9951853 0 0.09801167 0.9951853 0 0.09801185 0.9951852 0 0.0980131 -0.881924 0 -0.4713916 -0.8819237 0 -0.4713922 -0.881922 0 -0.4713955 -0.9569396 0 -0.2902871 -0.9569396 0 -0.2902873 0.9569396 0 -0.2902871 0.9569396 0 -0.2902873 0.8819237 0 -0.4713922 0.881924 0 -0.4713916 0.8819257 0 -0.4713884 -0.9951853 0 0.09801179 -0.9951853 0 0.09801173 -0.9951853 0 0.09801143 0.7730133 0 -0.6343898 0.7730129 0 -0.6343902 0.7730108 0 -0.634393 -0.9569396 0 0.2902871 -0.9569396 0 0.2902873 -0.8819257 0 0.4713885 -0.8819257 0 0.4713884 0.471395 0 -0.8819223 0.09800529 0 0.995186 0.09800797 0 0.9951857 -0.7730091 0 0.634395 -0.7730104 0 0.6343934 0.2902847 0 -0.9569404 0.2902835 0 -0.9569408 -0.6343952 0 0.773009 -0.6343968 0 0.7730076 -0.6344061 0 0.773 0.09801435 0 -0.9951851 0.09801566 0 -0.9951849 0.09802299 0 -0.9951841 -0.09801733 0 -0.9951848 -0.09801602 0 -0.9951848 0.6343968 0 0.7730076 0.6343952 0 0.773009 -0.2902847 0 -0.9569404 -0.2902835 0 -0.9569408 0.7730102 0 0.6343937 0.7730093 0 0.6343948 0.7730039 0 0.6344013 -0.09800964 0 0.9951855 -0.09800696 0 0.9951857 -0.09799188 0 0.9951872 0.8819257 0 0.4713885 -0.634396 0 -0.7730084 0.9569396 0 0.2902871 0.9569396 0 0.2902873 0.9569393 0 0.2902882 -0.7730128 0 -0.6343905 -0.7730175 0 -0.6343846 0.4999896 0 -0.8660315 0.5000017 0 -0.8660245 -0.4999926 0 -0.8660298 -0.4999932 0 -0.8660294 -0.4999938 0 0.8660291 -0.5000016 0 0.8660245 0 1 -6.78867e-7 0 1 -9.50682e-7 0 1 1.51854e-6 0.4999982 0 0.8660266 0.5000029 0 0.8660238 -2.38855e-5 -1 -4.13711e-5 -4.77711e-5 -1 0 2.38856e-5 -1 4.1371e-5 0 -1 5.72382e-7 0 -1 -3.9103e-7 0 1 -7.73155e-7 0 1 2.91067e-6 0 1 3.83313e-7 -0.9951847 0 0.09801733 -0.9951847 0 0.09801721 -0.9951847 0 0.09801781 0.8819212 0 -0.4713971 0.8819214 0 -0.4713968 0.8819202 0 -0.4713988 0.9569423 0 -0.2902784 -0.8819215 0 -0.4713965 -0.8819209 0 -0.4713973 -0.8819239 0 -0.4713917 0.9951843 0 0.09802246 0.9951842 0 0.09802263 0.9951844 0 0.09802144 -0.7730128 0 -0.6343904 0.9569435 0 0.2902741 0.9569439 0 0.2902733 -0.6343796 0 -0.7730218 0.8819191 0 0.4714009 0.8819196 0 0.4714 0.8819165 0 0.4714059 -0.4713994 0 -0.8819199 -0.4714003 0 -0.8819194 -0.09800922 0 0.9951855 -0.09800648 0 0.9951859 -0.09802466 0 0.995184 0.7730072 0 0.6343973 0.773006 0 0.6343987 -0.2902715 0 -0.9569444 -0.290269 0 -0.9569452 -0.2902858 0 -0.95694 0.6344061 0 0.773 -0.09803378 0 -0.9951832 -0.09803235 0 -0.9951832 -0.09804147 0 -0.9951824 0.0980311 0 -0.9951834 0.09803253 0 -0.9951832 -0.6343889 0 0.7730141 -0.6343906 0 0.7730128 0.290269 0 -0.9569452 0.2902715 0 -0.9569444 0.2902547 0 -0.9569494 -0.7730122 0 0.6343911 -0.7730134 0 0.6343898 -0.773006 0 0.6343988 0.09800523 0 0.995186 0.09800803 0 0.9951857 0.09798938 0 0.9951875 0.4714118 0 -0.8819133 -0.8819197 0 0.4713997 -0.881919 0 0.4714012 -0.8819239 0 0.4713917 -0.9569411 0 0.2902822 -0.956941 0 0.2902828 -0.9569422 0 0.2902787 0.7730134 0 -0.6343897 -0.5000017 0 -0.8660245 -0.4999896 0 -0.8660315 0.4999932 0 -0.8660294 0.4999926 0 -0.8660298 0.5000016 0 0.8660245 0.4999938 0 0.8660291 0 1 -1.3103e-6 0 1 -8.1117e-7 0 1 4.93166e-7 -0.5000029 0 0.8660238 -0.4999982 0 0.8660266 0 -1 2.45693e-5 0 -1 2.63203e-6 0 -1 0 0 -1 -2.38914e-6 0 -1 0 0 -1 -1.31605e-6 0 -1 -1.05636e-5 0 -1 2.36826e-5 0 -1 -3.82307e-5 0 -1 -8.60383e-7 0 -1 -1.18414e-5 0 -1 1.91146e-5 0 -1 2.38914e-6 0 -1 -1.97552e-7 0 -1 -1.24784e-5 0 -1 4.66075e-7 0 -1 1.27399e-6 0 -1 3.82292e-5 0 1 5.14051e-7 0 1 -7.31677e-7 0 1 7.85631e-7 0 1 0 0 1 2.49181e-7 0 1 -2.60562e-6 0 1 0 0 1 1.93954e-6 0 1 0 0 1 6.36355e-7 0 1 -7.55342e-7 0 1 -4.06871e-7 0 1 4.50723e-7 -0.9951859 0 -0.0980063 0.8819187 0 0.4714016 -0.9951858 0 0.09800648 0.9569398 0 0.2902864 -0.9569398 0 0.2902864 0.9951853 0 0.0980125 -0.8819177 0 0.4714034 0.9951853 0 -0.09801197 0.9569398 0 -0.2902867 -0.6343893 0 0.7730138 0.8819171 0 -0.4714047 -0.09801965 0 -0.9951845 0.7730122 0 -0.6343914 -0.2902833 0 -0.9569408 0.6343934 0 -0.7730104 -0.09801965 0 0.9951845 0.09802383 0 0.9951841 -0.6343899 0 -0.7730134 0.2902823 0 -0.9569411 -0.7730105 0 -0.6343934 0.09802073 0 -0.9951845 -0.8819173 0 -0.4714043 0.6343947 0 0.7730094 -0.9569399 0 -0.2902861 0.7730087 0 0.6343955 0 1 -1.50534e-6 0 1 4.70013e-7 0 1 5.25165e-7 0 1 2.39289e-7 0 1 6.00707e-7 0 1 -4.22659e-7 0 -1 -1.3161e-6 0 -1 -1.05641e-5 0 -1 -2.15344e-7 0 -1 2.49555e-5 0 -1 -1.91161e-5 0 -1 -7.16689e-7 0 -1 -2.38896e-6 0 -1 6.37051e-7 0 -1 1.91153e-5 0 -1 6.37072e-7 0 -1 -1.27406e-6 0 -1 -3.82309e-5 0 -1 -3.82314e-5 0 -1 0 0 -1 -8.60249e-7 0 -1 1.91131e-5 0 -1 7.16605e-7 0 -1 2.38933e-6 0 -1 -6.36974e-7 0 -1 -1.91131e-5 0 -1 2.23455e-7 0 -1 2.49574e-5 0 -1 1.72084e-6 0 1 -1.06192e-6 0 1 -7.72997e-7 0 1 1.93774e-7 0 1 7.61693e-7 0 1 9.93832e-7 0 1 1.48366e-6 0 1 1.95269e-7 0 1 -7.32153e-7 0 1 9.55393e-7 0 1 1.5535e-6 0 1 -7.31687e-7 0 1 -3.66191e-7 0 1 1.44406e-6 0.9951853 0 -0.09801208 0.9951853 0 0.09801226 -0.9951853 0 0.0980125 0.8819231 0 0.4713935 -0.9951853 0 -0.09801197 -0.9569398 0 -0.2902867 0.6343934 0 0.7730104 -0.8819224 0 -0.4713948 0.09801965 0 -0.9951845 -0.7730122 0 -0.6343914 0.2902786 0 -0.9569422 -0.6343934 0 -0.7730104 0.09801965 0 0.9951845 -0.2902776 0 -0.9569425 0.7730125 0 -0.6343908 -0.0980215 0 -0.9951843 0.8819226 0 -0.4713944 -0.6343947 0 0.7730094 0.9569399 0 -0.2902861 0 1 -1.88466e-6 0 1 -3.04256e-6 0 1 1.41385e-6 0 1 4.36919e-7 0 1 -5.3893e-7 0 1 -2.02094e-6 0 1 -1.25337e-6 0 1 4.78574e-7 0 1 -8.45316e-7 0 1 -2.89974e-6 -4.79309e-4 -0.9999999 0 -2.39655e-4 -0.9999999 4.15093e-4 2.39653e-4 -0.9999999 4.15094e-4 0 -1 3.823e-5 0 -1 1.17316e-5 0 -1 3.823e-5 0 -1 2.56693e-6 0 -1 1.91143e-5 0 -1 6.37012e-7 0 -1 -4.53616e-7 0 -1 -2.38944e-6 0 -1 -1.11491e-6 0 -1 2.99449e-6 0 -1 -7.71656e-7 0 -1 -2.45687e-5 0 -1 -1.91135e-5 0 -1 -6.36998e-7 0 -1 4.60663e-7 0 -1 2.99448e-6 0 1 3.68844e-7 0 1 -1.69884e-6 0 1 8.63252e-7 0 1 1.44736e-6 0 1 -1.31638e-6 0 1 -2.91067e-6 0 1 -5.31044e-6 0 1 0 0 1 5.33902e-6 0 1 1.08553e-6 0 1 3.00004e-6 0 1 4.22079e-7 0 1 1.27271e-6 0 1 0 0 1 -4.0685e-7 0 1 2.07407e-6 -0.9951849 0 -0.09801566 0.8819205 0 0.4713984 -0.9951849 0 0.09801566 0.9569399 0 0.2902862 0.9951847 0 0.09801828 -0.8819167 0 0.4714054 0.9951846 0 -0.09801995 -0.7730155 0 0.6343871 0.9569413 0 -0.2902815 -0.6343939 0 0.77301 0.8819205 0 -0.4713984 -0.09802299 0 -0.9951841 0.7730087 0 -0.6343955 0.6343918 0 -0.7730118 -0.09800618 0 0.9951859 -0.4713686 0 -0.8819363 0.0980398 0 0.9951825 -0.7730155 0 -0.6343871 0.4713819 0 0.8819293 -0.8819242 0 -0.4713913 0.6344019 0 0.7730033 -0.4999917 0 0.8660302 0.5000014 0 0.8660246 0.5000014 0 -0.8660246 0 1 -1.82181e-6 0 1 9.84631e-7 0 1 2.13511e-6 0 1 4.11735e-7 0 1 -1.43971e-6 0 1 -9.47889e-7 0 1 -1.44987e-6 0 1 -1.19319e-6 -0.4999917 0 -0.8660302 0 -1 -6.03075e-7 0 -1 2.49561e-5 0 -1 1.7208e-6 0 -1 -6.3704e-7 0 -1 -1.91146e-5 0 -1 -4.77796e-7 0 -1 4.77792e-6 0 -1 -9.55584e-6 0 -1 3.18568e-7 0 -1 6.3704e-7 0 -1 -1.72079e-6 0 -1 -2.49564e-5 0 -1 3.82314e-5 0 -1 1.27402e-6 0 -1 1.79258e-6 0 -1 -1.18421e-5 0 -1 -2.6384e-6 0 -1 1.91117e-5 0 -1 -4.77865e-6 0 -1 9.55731e-6 0 -1 2.67349e-6 0 -1 -1.91117e-5 0 -1 -1.95295e-6 0 -1 -1.22844e-5 0 -1 -1.27402e-6 0 -1 -3.82289e-5 0 1 1.92512e-6 0 1 -1.23134e-6 0 1 -9.42985e-7 0 1 1.62473e-6 0 1 -1.73596e-6 0 1 -2.08515e-6 0 1 1.47978e-6 0 1 2.96738e-6 0 1 -4.57754e-7 0 1 -1.43189e-6 0 1 1.02031e-6 0 1 7.16538e-7 0 1 1.50003e-6 0 1 2.28116e-6 0 1 1.44733e-6 0.9951854 0 -0.09801042 -0.881922 0 0.4713955 0.9951851 0 0.09801369 -0.9569413 0 0.2902815 -0.9951854 0 0.09801042 0.8819296 0 0.4713814 -0.9951854 0 -0.09801042 -0.9569399 0 -0.2902862 -0.8819296 0 -0.4713814 0.4714083 0 0.8819152 0.09800702 0 -0.9951858 -0.6343858 0 0.7730167 0.9569385 0 -0.290291 0.5000085 0 0.8660205 -0.4999981 0 0.8660266 -0.4999981 0 -0.8660266 0 1 -1.11268e-6 0 1 2.19017e-6 0 1 2.94971e-6 0 1 -1.50536e-6 0 1 -2.04241e-6 0 1 5.25913e-7 0 1 -1.15239e-6 0 1 3.0359e-6 0 1 2.15595e-6 0 1 5.43788e-7 0.4999988 0 -0.8660262 0 -1 -8.40588e-7 0 -1 3.82285e-5 0 -1 1.27403e-6 0 -1 2.45691e-5 0 -1 1.99501e-6 0 -1 -8.86337e-7 0 -1 1.06942e-6 0 -1 6.37013e-7 0 -1 -5.67034e-6 0 -1 -3.82221e-5 0 -1 2.28324e-6 0 -1 -4.83132e-6 0 -1 -2.38951e-6 0 -1 0 0 1 4.28371e-7 0 1 -2.92106e-6 0 1 8.63116e-7 0 1 1.57694e-6 0 1 -3.83318e-7 0 1 -2.91067e-6 0 1 7.73098e-7 0 1 0 0 1 -8.74922e-7 0 1 4.01759e-7 0 1 3.00003e-6 0 1 -8.06908e-7 0 1 1.48368e-6 0 1 -1.09337e-6 -0.9951848 0 -0.09801673 0.8819185 0 0.4714021 -0.9951846 0 0.09802001 0.9569438 0 0.2902737 -0.9569399 0 0.2902862 0.9951843 0 0.09802198 -0.881926 0 0.471388 0.9951843 0 -0.09802198 -0.7730197 0 0.6343821 -0.6343897 0 0.7730134 0.8819147 0 -0.4714092 -0.4714047 0 0.881917 -0.2902547 0 0.9569494 -0.4713915 0 -0.8819241 0.09804064 0 0.9951825 0.4713985 0 0.8819203 -0.9569428 0 -0.2902768 0.7730067 0 0.6343981 -0.5000085 0 0.8660205 0.4999981 0 0.8660266 0.4999981 0 -0.8660266 0 1 -2.9799e-6 0 1 0 0 1 3.0426e-6 0 1 -3.01068e-6 0 1 1.90968e-6 0 1 4.37637e-7 0 1 -1.57561e-6 0 1 -2.02576e-6 -0.4999988 0 -0.8660262 1.67808e-4 1 2.90597e-4 -1.67793e-4 1 -2.90606e-4 1.6781e-4 1 2.90596e-4 0 -1 1.58021e-6 0 -1 1.27403e-6 0 -1 1.79265e-6 0 -1 -1.18414e-5 0 -1 1.59262e-7 0 -1 5.4195e-7 0 -1 2.43198e-5 0 -1 1.72081e-6 0 -1 2.36831e-5 0 -1 -3.53038e-6 0 -1 -1.14244e-5 0 -1 1.1841e-5 0 -1 4.77865e-6 0 -1 -1.59208e-7 0 -1 -5.41756e-7 0 -1 1.91161e-5 0 -1 -2.43184e-5 0 -1 -1.72072e-6 0 1 -1.1138e-6 0 1 2.921e-6 0 1 2.12386e-6 0 1 3.88888e-7 0 1 4.68954e-7 0 1 -3.79155e-7 0 1 8.73374e-7 0 1 2.86374e-6 0 1 -1.48371e-6 0 1 4.92389e-7 0.9951854 0 0.09801042 0.9569399 0 -0.2902862 0.881922 0 -0.4713955 -0.9951853 0 0.09801208 0.09799021 0 0.9951875 -0.7730019 0 0.6344038 -0.09802466 0 -0.995184 0.5000037 0 -0.8660234 -0.4999932 0 -0.8660293 -0.5000029 0 0.8660238 0 1 2.22533e-6 0 1 -2.19017e-6 0 1 -2.94972e-6 0 1 3.01071e-6 0 1 -1.82174e-6 0 1 -2.11563e-6 0 1 -1.28295e-6 0 1 1.6809e-6 0 1 1.9509e-6 0 1 2.02583e-6 0 1 7.70536e-7 0.5000037 0 0.8660234 -2.38856e-5 -1 4.1371e-5 4.77711e-5 -1 0 2.38857e-5 -1 -4.1371e-5 0 -1 5.53582e-7 0 -1 3.18509e-7 0 -1 0 0 -1 3.18502e-7 0 -1 6.84798e-7 0 -1 3.82248e-5 0 -1 -2.36829e-5 0 -1 -4.43898e-7 0 -1 -6.36954e-7 0 -1 6.14237e-6 0 -1 -5.92729e-6 0 -1 1.10921e-6 0 -1 6.23917e-6 0 -1 -1.05638e-5 0 -1 2.36814e-5 0 -1 -3.82287e-5 0 1 -1.92511e-6 0 1 1.84247e-6 0 1 7.42624e-7 0 1 4.23164e-7 0 1 -1.47975e-6 0 1 -2.96735e-6 0 1 7.21818e-7 0 1 7.15928e-7 0 1 -6.61005e-7 0 1 -8.76479e-7 0 1 -1.50002e-6 0 1 6.31626e-7 0 1 -1.57695e-6 -0.9951848 0 0.09801673 0.8819223 0 -0.471395 -0.8819185 0 -0.4714021 0.9951841 0 0.09802359 0.9569451 0 0.290269 0.8819223 0 0.471395 -0.4714047 0 -0.881917 -0.09799104 0 0.9951873 0.7729998 0 0.6344064 -0.2902547 0 -0.9569494 0.09804064 0 -0.9951825 -0.6343999 0 0.7730051 -0.8819147 0 0.4714092 -0.5000037 0 -0.8660234 0.4999932 0 -0.8660293 0.5000029 0 0.8660238 0 1 3.53627e-6 0 1 0 0 1 -3.04256e-6 0 1 1.50535e-6 0 1 -1.05784e-6 0 1 -1.1419e-6 0 1 4.43209e-7 0 1 -3.036e-6 0 1 9.47761e-7 0 1 1.30371e-6 -0.5000037 0 0.8660234</float_array>
          <technique_common>
            <accessor source="#Plane_003-mesh-normals-array" count="1110" stride="3">
              <param name="X" type="float"/>
              <param name="Y" type="float"/>
              <param name="Z" type="float"/>
            </accessor>
          </technique_common>
        </source>
        <source id="Plane_003-mesh-map-0">
          <float_array id="Plane_003-mesh-map-0-array" count="6216">0 0 0 0 0 0 0 0 0 0 0 0 0 0 0 0 0 0 0 0 0 0 0 0 0 0 0 0 0 0 0 0 0 0 0 0 0 0 0 0 0 0 0 0 0 0 0 0 0 0 0 0 0 0 0 0 0 0 0 0 0 0 0 0 0 0 0 0 0 0 0 0 0 0 0 0 0 0 0 0 0 0 0 0 0 0 0 0 0 0 0 0 0 0 0 0 0 0 0 0 0 0 0 0 0 0 0 0 0 0 0 0 0 0 0 0 0 0 0 0 0 0 0 0 0 0 0 0 0 0 0 0 0 0 0 0 0 0 0 0 0 0 0 0 0 0 0 0 0 0 0 0 0 0 0 0 0 0 0 0 0 0 0 0 0 0 0 0 0 0 0 0 0 0 0 0 0 0 0 0 0 0 0 0 0 0 0 0 0 0 0 0 0 0 0 0 0 0 0 0 0 0 0 0 0 0 0 0 0 0 0 0 0 0 0 0 0 0 0 0 0 0 0 0 0 0 0 0 0 0 0 0 0 0 0 0 0 0 0 0 0 0 0 0 0 0 0 0 0 0 0 0 0 0 0 0 0 0 0 0 0 0 0 0 0 0 0 0 0 0 0 0 0 0 0 0 0 0 0 0 0 0 0 0 0 0 0 0 0 0 0 0 0 0 0 0 0 0 0 0 0 0 0 0 0 0 0 0 0 0 0 0 0 0 0 0 0 0 0 0 0 0 0 0 0 0 0 0 0 0 0 0 0 0 0 0 0 0 0 0 0 0 0 0 0 0 0 0 0 0 0 0 0 0 0 0 0 0 0 0 0 0 0 0 0 0 0 0 0 0 0 0 0 0 0 0 0 0 0 0 0 0 0 0 0 0 0 0 0 0 0 0 0 0 0 0 0 0 0 0 0 0 0 0 0 0 0 0 0 0 0 0 0 0 0 0 0 0 0 0 0 0 0 0 0 0 0 0 0 0 0 0 0 0 0 0 0 0 0 0 0 0 0 0 0 0 0 0 0 0 0 0 0 0 0 0 0 0 0 0 0 0 0 0 0 0 0 0 0 0 0 0 0 0 0 0 0 0 0 0 0 0 0 0 0 0 0 0 0 0 0 0 0 0 0 0 0 0 0 0 0 0 0 0 0 0 0 0 0 0 0 0 0 0 0 0 0 0 0 0 0 0 0 0 0 0 0 0 0 0 0 0 0 0 0 0 0 0 0 0 0 0 0 0 0 0 0 0 0 0 0 0 0 0 0 0 0 0 0 0 0 0 0 0 0 0 0 0 0 0 0 0 0 0 0 0 0 0 0 0 0 0 0 0 0 0 0 0 0 0 0 0 0 0 0 0 0 0 0 0 0 0 0 0 0 0 0 0 0 0 0 0 0 0 0 0 0 0 0 0 0 0 0 0 0 0 0 0 0 0 0 0 0 0 0 0 0 0 0 0 0 0 0 0 0 0 0 0 0 0 0 0 0 0 0 0 0 0 0 0 0 0 0 0 0 0 0 0 0 0 0 0 0 0 0 0 0 0 0 0 0 0 0 0 0 0 0 0 0 0 0 0 0 0 0 0 0 0 0 0 0 0 0 0 0 0 0 0 0 0 0 0 0 0 0 0 0 0 0 0 0 0 0 0 0 0 0 0 0 0 0 0 0 0 0 0 0 0 0 0 0 0 0 0 0 0 0 0 0 0 0 0 0 0 0 0 0 0 0 0 0 0 0 0 0 0 0 0 0 0 0 0 0 0 0 0 0 0 0 0 0 0 0 0 0 0 0 0 0 0 0 0 0 0 0 0 0 0 0 0 0 0 0 0 0 0 0 0 0 0 0 0 0 0 0 0 0 0 0 0 0 0 0 0 0 0 0 0 0 0 0 0 0 0 0 0 0 0 0 0 0 0 0 0 0 0 0 0 0 0 0 0 0 0 0 0 0 0 0 0 0 0 0 0 0 0 0 0 0 0 0 0 0 0 0 0 0 0 0 0 0 0 0 0 0 0 0 0 0 0 0 0 0 0 0 0 0 0 0 0 0 0 0 0 0 0 0 0 0 0 0 0 0 0 0 0 0 0 0 0 0 0 0 0 0 0 0 0 0 0 0 0 0 0 0 0 0 0 0 0 0 0 0 0 0 0 0 0 0 0 0 0 0 0 0 0 0 0 0 0 0 0 0 0 0 0 0 0 0 0 0 0 0 0 0 0 0 0 0 0 0 0 0 0 0 0 0 0 0 0 0 0 0 0 0 0 0 0 0 0 0 0 0 0 0 0 0 0 0 0 0 0 0 0 0 0 0 0 0 0 0 0 0 0 0 0 0 0 0 0 0 0 0 0 0 0 0 0 0 0 0 0 0 0 0 0 0 0 0 0 0 0 0 0 0 0 0 0 0 0 0 0 0 0 0 0 0 0 0 0 0 0 0 0 0 0 0 0 0 0 0 0 0 0 0 0 0 0 0 0 0 0 0 0 0 0 0 0 0 0 0 0 0 0 0 0 0 0 0 0 0 0 0 0 0 0 0 0 0 0 0 0 0 0 0 0 0 0 0 0 0 0 0 0 0 0 0 0 0 0 0 0 0 0 0 0 0 0 0 0 0 0 0 0 0 0 0 0 0 0 0 0 0 0 0 0 0 0 0 0 0 0 0 0 0 0 0 0 0 0 0 0 0 0 0 0 0 0 0 0 0 0 0 0 0 0 0 0 0 0 0 0 0 0 0 0 0 0 0 0 0 0 0 0 0 0 0 0 0 0 0 0 0 0 0 0 0 0 0 0 0 0 0 0 0 0 0 0 0 0 0 0 0 0 0 0 0 0 0 0 0 0 0 0 0 0 0 0 0 0 0 0 0 0 0 0 0 0 0 0 0 0 0 0 0 0 0 0 0 0 0 0 0 0 0 0 0 0 0 0 0 0 0 0 0 0 0 0 0 0 0 0 0 0 0 0 0 0 0 0 0 0 0 0 0 0 0 0 0 0 0 0 0 0 0 0 0 0 0 0 0 0 0 0 0 0 0 0 0 0 0 0 0 0 0 0 0 0 0 0 0 0 0 0 0 0 0 0 0 0 0 0 0 0 0 0 0 0 0 0 0 0 0 0 0 0 0 0 0 0 0 0 0 0 0 0 0 0 0 0 0 0 0 0 0 0 0 0 0 0 0 0 0 0 0 0 0 0 0 0 0 0 0 0 0 0 0 0 0 0 0 0 0 0 0 0 0 0 0 0 0 0 0 0 0 0 0 0 0 0 0 0 0 0 0 0 0 0 0 0 0 0 0 0 0 0 0 0 0 0 0 0 0 0 0 0 0 0 0 0 0 0 0 0 0 0 0 0 0 0 0 0 0 0 0 0 0 0 0 0 0 0 0 0 0 0 0 0 0 0 0 0 0 0 0 0 0 0 0 0 0 0 0 0 0 0 0 0 0 0 0 0 0 0 0 0 0 0 0 0 0 0 0 0 0 0 0 0 0 0 0 0 0 0 0 0 0 0 0 0 0 0 0 0 0 0 0 0 0 0 0 0 0 0 0 0 0 0 0 0 0 0 0 0 0 0 0 0 0 0 0 0 0 0 0 0 0 0 0 0 0 0 0 0 0 0 0 0 0 0 0 0 0 0 0 0 0 0 0 0 0 0 0 0 0 0 0 0 0 0 0 0 0 0 0 0 0 0 0 0 0 0 0 0 0 0 0 0 0 0 0 0 0 0 0 0 0 0 0 0 0 0 0 0 0 0 0 0 0 0 0 0 0 0 0 0 0 0 0 0 0 0 0 0 0 0 0 0 0 0 0 0 0 0 0 0 0 0 0 0 0 0 0 0 0 0 0 0 0 0 0 0 0 0 0 0 0 0 0 0 0 0 0 0 0 0 0 0 0 0 0 0 0 0 0 0 0 0 0 0 0 0 0 0 0 0 0 0 0 0 0 0 0 0 0 0 0 0 0 0 0 0 0 0 0 0 0 0 0 0 0 0 0 0 0 0 0 0 0 0 0 0 0 0 0 0 0 0 0 0 0 0 0 0 0 0 0 0 0 0 0 0 0 0 0 0 0 0 0 0 0 0 0 0 0 0 0 0 0 0 0 0 0 0 0 0 0 0 0 0 0 0 0 0 0 0 0 0 0 0 0 0 0 0 0 0 0 0 0 0 0 0 0 0 0 0 0 0 0 0 0 0 0 0 0 0 0 0 0 0 0 0 0 0 0 0 0 0 0 0 0 0 0 0 0 0 0 0 0 0 0 0 0 0 0 0 0 0 0 0 0 0 0 0 0 0 0 0 0 0 0 0 0 0 0 0 0 0 0 0 0 0 0 0 0 0 0 0 0 0 0 0 0 0 0 0 0 0 0 0 0 0 0 0 0 0 0 0 0 0 0 0 0 0 0 0 0 0 0 0 0 0 0 0 0 0 0 0 0 0 0 0 0 0 0 0 0 0 0 0 0 0 0 0 0 0 0 0 0 0 0 0 0 0 0 0 0 0 0 0 0 0 0 0 0 0 0 0 0 0 0 0 0 0 0 0 0 0 0 0 0 0 0 0 0 0 0 0 0 0 0 0 0 0 0 0 0 0 0 0 0 0 0 0 0 0 0 0 0 0 0 0 0 0 0 0 0 0 0 0 0 0 0 0 0 0 0 0 0 0 0 0 0 0 0 0 0 0 0 0 0 0 0 0 0 0 0 0 0 0 0 0 0 0 0 0 0 0 0 0 0 0 0 0 0 0 0 0 0 0 0 0 0 0 0 0 0 0 0 0 0 0 0 0 0 0 0 0 0 0 0 0 0 0 0 0 0 0 0 0 0 0 0 0 0 0 0 0 0 0 0 0 0 0 0 0 0 0 0 0 0 0 0 0 0 0 0 0 0 0 0 0 0 0 0 0 0 0 0 0 0 0 0 0 0 0 0 0 0 0 0 0 0 0 0 0 0 0 0 0 0 0 0 0 0 0 0 0 0 0 0 0 0 0 0 0 0 0 0 0 0 0 0 0 0 0 0 0 0 0 0 0 0 0 0 0 0 0 0 0 0 0 0 0 0 0 0 0 0 0 0 0 0 0 0 0 0 0 0 0 0 0 0 0 0 0 0 0 0 0 0 0 0 0 0 0 0 0 0 0 0 0 0 0 0 0 0 0 0 0 0 0 0 0 0 0 0 0 0 0 0 0 0 0 0 0 0 0 0 0 0 0 0 0 0 0 0 0 0 0 0 0 0 0 0 0 0 0 0 0 0 0 0 0 0 0 0 0 0 0 0 0 0 0 0 0 0 0 0 0 0 0 0 0 0 0 0 0 0 0 0 0 0 0 0 0 0 0 0 0 0 0 0 0 0 0 0 0 0 0 0 0 0 0 0 0 0 0 0 0 0 0 0 0 0 0 0 0 0 0 0 0 0 0 0 0 0 0 0 0 0 0 0 0 0 0 0 0 0 0 0 0 0 0 0 0 0 0 0 0 0 0 0 0 0 0 0 0 0 0 0 0 0 0 0 0 0 0 0 0 0 0 0 0 0 0 0 0 0 0 0 0 0 0 0 0 0 0 0 0 0 0 0 0 0 0 0 0 0 0 0 0 0 0 0 0 0 0 0 0 0 0 0 0 0 0 0 0 0 0 0 0 0 0 0 0 0 0 0 0 0 0 0 0 0 0 0 0 0 0 0 0 0 0 0 0 0 0 0 0 0 0 0 0 0 0 0 0 0 0 0 0 0 0 0 0 0 0 0 0 0 0 0 0 0 0 0 0 0 0 0 0 0 0 0 0 0 0 0 0 0 0 0 0 0 0 0 0 0 0 0 0 0 0 0 0 0 0 0 0 0 0 0 0 0 0 0 0 0 0 0 0 0 0 0 0 0 0 0 0 0 0 0 0 0 0 0 0 0 0 0 0 0 0 0 0 0 0 0 0 0 0 0 0 0 0 0 0 0 0 0 0 0 0 0 0 0 0 0 0 0 0 0 0 0 0 0 0 0 0 0 0 0 0 0 0 0 0 0 0 0 0 0 0 0 0 0 0 0 0 0 0 0 0 0 0 0 0 0 0 0 0 0 0 0 0 0 0 0 0 0 0 0 0 0 0 0 0 0 0 0 0 0 0 0 0 0 0 0 0 0 0 0 0 0 0 0 0 0 0 0 0 0 0 0 0 0 0 0 0 0 0 0 0 0 0 0 0 0 0 0 0 0 0 0 0 0 0 0 0 0 0 0 0 0 0 0 0 0 0 0 0 0 0 0 0 0 0 0 0 0 0 0 0 0 0 0 0 0 0 0 0 0 0 0 0 0 0 0 0 0 0 0 0 0 0 0 0 0 0 0 0 0 0 0 0 0 0 0 0 0 0 0 0 0 0 0 0 0 0 0 0 0 0 0 0 0 0 0 0 0 0 0 0 0 0 0 0 0 0 0 0 0 0 0 0 0 0 0 0 0 0 0 0 0 0 0 0 0 0 0 0 0 0 0 0 0 0 0 0 0 0 0 0 0 0 0 0 0 0 0 0 0 0 0 0 0 0 0 0 0 0 0 0 0 0 0 0 0 0 0 0 0 0 0 0 0 0 0 0 0 0 0 0 0 0 0 0 0 0 0 0 0 0 0 0 0 0 0 0 0 0 0 0 0 0 0 0 0 0 0 0 0 0 0 0 0 0 0 0 0 0 0 0 0 0 0 0 0 0 0 0 0 0 0 0 0 0 0 0 0 0 0 0 0 0 0 0 0 0 0 0 0 0 0 0 0 0 0 0 0 0 0 0 0 0 0 0 0 0 0 0 0 0 0 0 0 0 0 0 0 0 0 0 0 0 0 0 0 0 0 0 0 0 0 0 0 0 0 0 0 0 0 0 0 0 0 0 0 0 0 0 0 0 0 0 0 0 0 0 0 0 0 0 0 0 0 0 0 0 0 0 0 0 0 0 0 0 0 0 0 0 0 0 0 0 0 0 0 0 0 0 0 0 0 0 0 0 0 0 0 0 0 0 0 0 0 0 0 0 0 0 0 0 0 0 0 0 0 0 0 0 0 0 0 0 0 0 0 0 0 0 0 0 0 0 0 0 0 0 0 0 0 0 0 0 0 0 0 0 0 0 0 0 0 0 0 0 0 0 0 0 0 0 0 0 0 0 0 0 0 0 0 0 0 0 0 0 0 0 0 0 0 0 0 0 0 0 0 0 0 0 0 0 0 0 0 0 0 0 0 0 0 0 0 0 0 0 0 0 0 0 0 0 0 0 0 0 0 0 0 0 0 0 0 0 0 0 0 0 0 0 0 0 0 0 0 0 0 0 0 0 0 0 0 0 0 0 0 0 0 0 0 0 0 0 0 0 0 0 0 0 0 0 0 0 0 0 0 0 0 0 0 0 0 0 0 0 0 0 0 0 0 0 0 0 0 0 0 0 0 0 0 0 0 0 0 0 0 0 0 0 0 0 0 0 0 0 0 0 0 0 0 0 0 0 0 0 0 0 0 0 0 0 0 0 0 0 0 0 0 0 0 0 0 0 0 0 0 0 0 0 0 0 0 0 0 0 0 0 0 0 0 0 0 0 0 0 0 0 0 0 0 0 0 0 0 0 0 0 0 0 0 0 0 0 0 0 0 0 0 0 0 0 0 0 0 0 0 0 0 0 0 0 0 0 0 0 0 0 0 0 0 0 0 0 0 0 0 0 0 0 0 0 0 0 0 0 0 0 0 0 0 0 0 0 0 0 0 0 0 0 0 0 0 0 0 0 0 0 0 0 0 0 0 0 0 0 0 0 0 0 0 0 0 0 0 0 0 0 0 0 0 0 0 0 0 0 0 0 0 0 0 0 0 0 0 0 0 0 0 0 0 0 0 0 0 0 0 0 0 0 0 0 0 0 0 0 0 0 0 0 0 0 0 0 0 0 0 0 0 0 0 0 0 0 0 0 0 0 0 0 0 0 0 0 0 0 0 0 0 0 0 0 0 0 0 0 0 0 0 0 0 0 0 0 0 0 0 0 0 0 0 0 0 0 0 0 0 0 0 0 0 0 0 0 0 0 0 0 0 0 0 0 0 0 0 0 0 0 0 0 0 0 0 0 0 0 0 0 0 0 0 0 0 0 0 0 0 0 0 0 0 0 0 0 0 0 0 0 0 0 0 0 0 0 0 0 0 0 0 0 0 0 0 0 0 0 0 0 0 0 0 0 0 0 0 0 0 0 0 0 0 0 0 0 0 0 0 0 0 0 0 0 0 0 0 0 0 0 0 0 0 0 0 0 0 0 0 0 0 0 0 0 0 0 0 0 0 0 0 0 0 0 0 0 0 0 0 0 0 0 0 0 0 0 0 0 0 0 0 0 0 0 0 0 0 0 0 0 0 0 0 0 0 0 0 0 0 0 0 0 0 0 0 0 0 0 0 0 0 0 0 0 0 0 0 0 0 0 0 0 0 0 0 0 0 0 0 0 0 0 0 0 0 0 0 0 0 0 0 0 0 0 0 0 0 0 0 0 0 0 0 0 0 0 0 0 0 0 0 0 0 0 0 0 0 0 0 0 0 0 0 0 0 0 0 0 0 0 0 0 0 0 0 0 0 0 0 0 0 0 0 0 0 0 0 0 0 0 0 0 0 0 0 0 0 0 0 0 0 0 0 0 0 0 0 0 0 0 0 0 0 0 0 0 0 0 0 0 0 0 0 0 0 0 0 0 0 0 0 0 0 0 0 0 0 0 0 0 0 0 0 0 0 0 0 0 0 0 0 0 0 0 0 0 0 0 0 0 0 0 0 0 0 0 0 0 0 0 0 0 0 0 0 0 0 0 0 0 0 0 0 0 0 0 0 0 0 0 0 0 0 0 0 0 0 0 0 0 0 0 0 0 0 0 0 0 0 0 0 0 0 0 0 0 0 0 0 0 0 0 0 0 0 0 0 0 0 0 0 0 0 0 0 0 0 0 0 0 0 0 0 0 0 0 0 0 0 0 0 0 0 0 0 0 0 0 0 0 0 0 0 0 0 0 0 0 0 0 0 0 0 0 0 0 0 0 0 0 0 0 0 0 0 0 0 0 0 0 0 0 0 0 0 0 0 0 0 0 0 0 0 0 0 0 0 0 0 0 0 0 0 0 0 0 0 0 0 0 0 0 0 0 0 0 0 0 0 0 0 0 0 0 0 0 0 0 0 0 0 0 0 0 0 0 0 0 0 0 0 0 0 0 0 0 0 0 0 0 0 0 0 0 0 0 0 0 0 0 0 0 0 0 0 0 0 0 0 0 0 0 0 0 0 0 0 0 0 0 0 0 0 0 0 0 0 0 0 0 0 0 0 0 0 0 0 0 0 0 0 0 0 0 0 0 0 0 0 0 0 0 0 0 0 0 0 0 0 0 0 0 0 0 0 0 0 0 0 0 0 0 0 0 0 0 0 0 0 0 0 0 0 0 0 0 0 0 0 0 0 0 0 0 0 0 0 0 0 0 0 0 0 0 0 0 0 0 0 0 0 0 0 0 0 0 0 0 0 0 0 0 0 0 0 0 0 0 0 0 0 0 0 0 0 0 0 0 0 0 0 0 0 0 0 0 0 0 0 0 0 0 0 0 0 0 0 0 0 0 0 0 0 0 0 0 0 0 0 0 0 0 0 0 0 0 0 0 0 0 0 0 0 0 0 0 0 0 0 0 0 0 0 0 0 0 0 0 0 0 0 0 0 0 0 0 0 0 0 0 0 0 0 0 0 0 0 0 0 0 0 0 0 0 0 0 0 0 0 0 0 0 0 0 0 0 0 0 0 0 0 0 0 0 0 0 0 0 0 0 0 0 0 0 0 0 0 0 0 0 0 0 0 0 0 0 0 0 0 0 0 0 0 0 0 0 0 0 0 0 0 0 0 0 0 0 0 0 0 0 0 0 0 0 0 0 0 0 0 0 0 0 0 0 0 0 0 0 0 0 0 0 0 0 0 0 0 0 0 0 0 0 0 0 0 0 0 0 0 0 0 0 0 0 0 0 0 0 0 0 0 0 0 0 0 0 0 0 0 0 0 0 0 0 0 0 0 0 0 0 0 0 0 0 0 0 0 0 0 0 0 0 0 0 0 0 0 0 0 0 0 0 0 0 0 0 0 0 0 0 0 0 0 0 0 0 0 0 0 0 0 0 0 0 0 0 0 0 0 0 0 0 0 0 0 0 0 0 0 0 0 0 0 0 0 0 0 0 0 0 0 0 0 0 0 0 0 0 0 0 0 0 0 0 0 0 0 0 0 0 0 0 0 0 0 0 0 0 0 0 0 0 0 0 0 0 0 0 0 0 0 0 0 0 0 0 0 0 0 0 0 0 0 0 0 0 0 0 0 0 0 0 0 0 0 0 0 0 0 0 0 0 0 0 0 0 0 0 0 0 0 0 0 0 0 0 0 0 0 0 0 0 0 0 0 0 0 0 0 0 0 0 0 0 0 0 0 0 0 0 0 0 0 0 0 0 0 0 0 0 0 0 0 0 0 0 0 0 0 0 0 0 0 0 0 0 0 0 0 0 0 0 0 0 0 0 0 0 0 0 0 0 0 0 0 0 0 0 0 0 0 0 0 0 0 0 0 0 0 0 0 0 0 0 0 0 0 0 0 0 0 0 0 0 0 0 0 0 0 0 0 0 0 0 0 0 0 0 0 0 0 0 0 0 0 0 0 0 0 0 0 0 0 0 0 0 0 0 0 0 0 0 0 0 0 0 0 0 0 0 0 0 0 0 0 0 0 0 0 0 0 0 0 0 0 0 0 0 0 0 0 0 0 0 0 0 0 0 0 0 0 0 0 0 0 0 0 0 0 0 0 0 0 0 0 0 0 0 0 0 0 0 0 0 0 0 0 0 0 0 0 0 0 0 0 0 0 0 0 0 0 0 0 0 0 0 0 0 0 0 0 0 0 0 0 0 0 0 0 0 0 0 0 0 0 0 0 0 0 0 0 0 0 0 0 0 0 0 0 0 0 0 0 0 0 0 0 0 0 0 0 0 0 0 0 0 0 0 0 0 0 0 0 0 0 0 0 0 0 0 0 0 0 0 0 0 0 0 0 0 0 0 0 0 0 0 0 0 0 0 0 0 0 0 0 0 0 0 0 0 0 0 0 0 0 0 0 0 0 0 0 0 0 0 0 0 0 0 0 0 0 0 0 0 0 0 0 0 0 0 0 0 0 0 0 0 0 0 0 0 0 0 0 0 0 0 0 0 0 0 0 0 0 0 0 0 0 0 0 0 0 0 0 0 0 0 0 0 0 0 0 0 0 0 0 0 0 0 0 0 0 0 0 0 0 0 0 0 0 0 0 0 0 0 0 0 0 0 0 0 0 0 0 0 0 0 0 0 0 0 0 0 0 0 0 0 0 0 0 0 0 0 0 0 0 0 0 0 0 0 0 0 0 0 0 0 0 0 0 0 0 0 0 0 0 0 0 0 0 0 0 0 0 0 0 0 0 0 0 0 0 0 0 0 0 0 0 0 0 0 0 0 0 0 0 0 0 0 0 0 0 0 0 0 0 0 0 0 0 0 0 0 0 0 0 0 0 0 0 0 0 0 0 0 0 0 0 0 0 0 0 0 0 0 0 0 0 0 0 0 0 0 0 0 0 0 0 0 0 0 0 0 0 0 0 0 0 0 0 0 0 0 0 0 0 0 0 0 0 0 0 0 0 0 0 0 0 0 0 0 0 0 0 0 0 0 0 0 0 0 0 0 0 0 0 0 0 0 0 0 0 0 0 0 0 0 0 0 0 0 0 0 0 0 0 0 0 0 0 0 0 0 0 0 0 0 0 0 0 0 0 0 0 0 0 0 0 0 0 0 0 0 0 0 0 0 0 0 0 0 0 0 0 0 0 0 0 0 0 0 0 0 0 0 0 0 0 0 0 0 0 0 0 0 0 0 0 0 0 0 0 0 0 0 0 0 0 0 0 0 0 0 0 0 0 0 0 0 0 0 0 0 0 0 0 0 0 0 0 0 0 0 0 0 0 0 0 0 0 0 0 0 0 0 0 0 0 0 0 0 0 0 0 0 0 0 0 0 0 0 0 0 0 0 0 0 0 0 0 0 0 0 0 0 0 0 0 0 0 0 0 0 0 0 0 0 0 0 0 0 0 0 0 0 0 0 0 0 0 0 0 0 0 0 0 0 0 0 0 0 0 0 0 0 0 0 0 0 0 0 0 0 0 0 0 0 0 0 0 0 0 0 0 0 0 0 0 0 0 0 0 0 0 0 0 0 0 0 0 0 0 0 0 0 0 0 0 0 0 0 0 0 0 0 0 0 0 0 0 0 0 0 0 0 0 0 0 0 0 0 0 0 0 0 0 0 0 0 0 0 0 0 0 0 0 0 0 0 0 0 0 0 0 0 0 0 0 0 0 0 0 0 0 0 0 0 0 0 0 0 0 0 0 0 0 0 0 0 0 0 0 0 0 0 0 0 0 0 0 0 0 0 0 0 0 0 0 0 0 0 0 0 0 0 0 0 0 0 0 0 0 0 0 0 0 0 0 0 0 0 0 0 0 0 0 0 0 0 0 0 0 0 0 0 0 0 0 0 0 0 0 0 0 0 0 0 0 0 0 0 0 0 0 0 0 0 0 0 0 0 0 0 0 0 0 0 0 0 0 0 0 0 0 0 0 0 0 0 0 0 0 0 0 0 0 0 0 0 0 0 0 0 0 0 0 0 0 0 0 0 0 0 0 0 0 0 0 0 0 0 0 0 0 0 0 0 0 0 0 0 0 0 0 0 0 0 0 0 0 0 0 0 0 0 0 0 0 0 0 0 0 0 0 0 0 0 0 0 0 0 0 0 0 0 0 0 0 0 0 0 0 0 0 0 0 0 0 0 0 0 0 0 0 0 0 0 0 0 0 0 0 0 0 0 0 0 0 0 0 0 0 0 0 0 0 0 0 0 0 0 0 0 0 0 0 0 0 0 0 0 0 0 0 0 0 0 0 0 0 0 0 0 0 0 0 0 0 0 0 0 0 0 0 0 0 0 0 0 0 0 0 0 0 0 0 0 0 0 0 0 0 0 0 0 0 0 0 0 0 0 0 0 0 0 0 0 0 0 0 0 0 0 0 0 0 0 0 0 0 0 0 0 0 0 0 0 0 0 0 0 0 0 0 0 0 0 0 0 0 0 0 0 0 0 0 0 0 0 0 0 0 0 0 0 0 0 0 0 0 0 0 0 0 0 0 0 0 0 0 0 0 0 0 0 0 0 0 0 0 0 0 0 0 0 0 0 0 0 0 0 0 0 0 0 0 0 0 0 0 0 0 0 0 0 0 0 0 0 0 0 0 0 0 0 0 0 0 0 0 0 0 0 0 0 0 0 0 0 0 0 0 0 0 0 0 0 0 0 0 0 0 0 0 0 0 0 0 0 0 0 0 0 0 0 0 0 0 0 0 0 0 0 0 0 0 0 0 0 0 0 0 0 0 0 0 0 0 0 0 0 0 0 0 0 0 0 0 0 0 0 0 0 0 0 0 0 0 0 0 0 0 0 0 0 0 0 0 0 0 0 0 0 0 0 0 0 0 0 0 0 0 0 0 0 0 0 0 0 0 0 0 0 0 0 0 0 0 0 0 0 0 0 0 0 0 0 0 0 0 0 0 0 0 0 0 0 0 0 0 0 0 0 0 0 0 0 0 0 0 0 0 0 0 0 0 0 0 0 0 0 0 0 0 0 0 0 0 0 0 0 0 0 0 0 0 0 0 0 0 0 0 0 0 0 0 0 0 0 0 0 0 0 0 0 0 0 0 0 0 0 0 0 0 0 0 0 0 0 0 0 0 0 0 0 0 0 0 0 0 0 0 0 0 0 0 0 0 0 0 0 0 0 0 0 0 0 0 0 0 0 0 0 0 0 0 0 0 0 0 0 0 0 0 0 0 0 0 0 0 0 0 0 0 0 0 0 0 0 0 0 0 0 0 0 0 0 0 0 0 0 0 0 0 0 0 0 0 0 0 0 0 0 0 0 0 0 0 0 0 0 0 0 0 0 0 0</float_array>
          <technique_common>
            <accessor source="#Plane_003-mesh-map-0-array" count="3108" stride="2">
              <param name="S" type="float"/>
              <param name="T" type="float"/>
            </accessor>
          </technique_common>
        </source>
        <vertices id="Plane_003-mesh-vertices">
          <input semantic="POSITION" source="#Plane_003-mesh-positions"/>
        </vertices>
        <triangles material="Material_002-material" count="1036">
          <input semantic="VERTEX" source="#Plane_003-mesh-vertices" offset="0"/>
          <input semantic="NORMAL" source="#Plane_003-mesh-normals" offset="1"/>
          <input semantic="TEXCOORD" source="#Plane_003-mesh-map-0" offset="2" set="0"/>
          <p>4 0 0 3 0 1 1 0 2 21 1 3 17 2 4 9 3 5 68 4 6 69 0 7 75 5 8 15 6 9 46 7 10 14 8 11 29 9 12 60 10 13 28 11 14 16 12 15 47 13 16 15 14 17 30 15 18 61 16 19 29 17 20 17 18 21 48 19 22 16 20 23 31 21 24 62 22 25 30 23 26 18 24 27 49 25 28 17 26 29 32 27 30 63 28 31 31 29 32 19 30 33 50 30 34 18 30 35 33 31 36 64 32 37 32 33 38 20 34 39 51 35 40 19 36 41 34 37 42 65 37 43 33 38 44 21 39 45 52 40 46 20 41 47 8 42 48 40 43 49 7 44 50 35 45 51 66 46 52 34 47 53 22 48 54 53 48 55 21 49 56 9 50 57 39 51 58 8 52 59 36 53 60 67 54 61 35 55 62 23 56 63 54 57 64 22 58 65 10 59 66 41 60 67 9 61 68 37 62 69 68 63 70 36 64 71 24 65 72 55 66 73 23 67 74 11 68 75 42 69 76 10 70 77 38 71 78 69 72 79 37 73 80 25 74 81 56 74 82 24 75 83 12 76 84 43 77 85 11 78 86 7 79 87 70 80 88 38 81 89 26 82 90 57 83 91 25 84 92 13 85 93 44 85 94 12 86 95 27 87 96 58 88 97 26 89 98 14 90 99 45 91 100 13 92 101 28 93 102 59 94 103 27 95 104 3 96 105 71 97 106 76 98 107 1 99 108 72 100 109 71 101 110 2 102 111 73 102 112 72 102 113 6 103 114 75 104 115 73 105 116 4 106 117 76 106 118 74 106 119 72 107 120 71 108 121 58 109 122 5 110 123 74 111 124 75 112 125 80 0 126 81 0 127 82 0 128 91 113 129 99 114 130 107 115 131 122 0 132 121 0 133 150 116 134 122 117 135 91 118 136 90 119 137 136 120 138 105 121 139 104 122 140 123 123 141 92 124 142 91 125 143 137 19 144 106 18 145 105 20 146 124 16 147 93 15 148 92 17 149 138 126 150 107 127 151 106 128 152 125 129 153 94 130 154 93 131 155 139 132 156 108 133 157 107 134 158 126 94 159 95 93 160 94 95 161 140 135 162 109 136 163 108 137 164 127 138 165 96 139 166 95 140 167 141 141 168 110 142 169 109 143 170 128 82 171 97 83 172 96 144 173 116 145 174 84 146 175 83 147 176 142 148 177 111 149 178 110 150 179 129 151 180 98 151 181 97 151 182 115 152 183 85 153 184 84 154 185 143 155 186 112 156 187 111 157 188 130 158 189 99 159 190 98 160 191 117 62 192 86 63 193 85 161 194 144 59 195 113 60 196 112 162 197 131 163 198 100 164 199 99 165 200 118 166 201 87 167 202 86 168 203 145 169 204 114 170 205 113 171 206 132 172 207 101 172 208 100 172 209 119 173 210 88 174 211 87 175 212 146 176 213 83 177 214 114 178 215 133 39 216 102 40 217 101 179 218 120 180 219 89 181 220 88 182 221 134 183 222 103 184 223 102 185 224 121 186 225 90 187 226 89 188 227 135 189 228 104 190 229 103 191 230 147 192 231 79 193 232 152 194 233 148 195 234 77 196 235 147 197 236 149 106 237 78 106 238 148 106 239 151 110 240 82 198 241 149 199 242 152 102 243 80 102 244 150 102 245 147 200 246 148 201 247 134 202 248 150 203 249 81 104 250 151 204 251 156 205 252 155 206 253 153 207 254 173 208 255 169 209 256 161 210 257 220 211 258 221 212 259 227 213 260 167 214 261 198 215 262 166 216 263 181 217 264 212 218 265 180 219 266 168 220 267 199 221 268 167 222 269 182 223 270 213 224 271 181 225 272 169 226 273 200 227 274 168 228 275 183 229 276 214 230 277 182 231 278 170 232 279 201 233 280 169 234 281 184 235 282 215 236 283 183 237 284 171 238 285 202 239 286 170 240 287 185 241 288 216 242 289 184 243 290 172 244 291 203 245 292 171 246 293 186 247 294 217 248 295 185 249 296 173 250 297 204 251 298 172 252 299 160 253 300 192 254 301 159 255 302 187 256 303 218 257 304 186 258 305 174 259 306 205 259 307 173 259 308 161 260 309 191 261 310 160 262 311 188 263 312 219 264 313 187 265 314 175 266 315 206 267 316 174 268 317 162 269 318 193 270 319 161 271 320 189 272 321 220 273 322 188 274 323 176 275 324 207 276 325 175 277 326 163 278 327 194 278 328 162 278 329 190 279 330 221 280 331 189 281 332 177 282 333 208 282 334 176 282 335 164 283 336 195 284 337 163 285 338 159 286 339 222 287 340 190 288 341 178 289 342 209 290 343 177 84 344 165 291 345 196 292 346 164 293 347 179 294 348 210 295 349 178 296 350 166 297 351 197 297 352 165 298 353 180 299 354 211 300 355 179 301 356 155 302 357 223 303 358 228 304 359 153 305 360 224 306 361 223 307 362 154 102 363 225 102 364 224 102 365 158 308 366 227 309 367 225 310 368 156 106 369 228 106 370 226 106 371 224 311 372 223 312 373 210 313 374 157 314 375 226 315 376 227 316 377 233 0 378 234 0 379 229 0 380 243 317 381 251 318 382 259 319 383 274 0 384 273 0 385 302 320 386 274 321 387 243 322 388 242 323 389 288 324 390 257 325 391 256 326 392 275 327 393 244 328 394 243 329 395 289 330 396 258 331 397 257 228 398 276 332 399 245 333 400 244 334 401 290 335 402 259 336 403 258 337 404 277 338 405 246 339 406 245 340 407 291 341 408 260 342 409 259 343 410 278 344 411 247 345 412 246 95 413 292 346 414 261 347 415 260 348 416 279 349 417 248 350 418 247 351 419 293 352 420 262 353 421 261 354 422 280 355 423 249 356 424 248 84 425 268 357 426 236 358 427 235 359 428 294 360 429 263 361 430 262 362 431 281 363 432 250 364 433 249 365 434 267 366 435 237 367 436 236 368 437 295 369 438 264 370 439 263 371 440 282 372 441 251 373 442 250 160 443 269 374 444 238 375 445 237 376 446 296 377 447 265 378 448 264 271 449 283 379 450 252 380 451 251 381 452 270 382 453 239 383 454 238 265 455 297 384 456 266 385 457 265 386 458 284 387 459 253 388 460 252 389 461 271 46 462 240 390 463 239 391 464 298 392 465 235 393 466 266 394 467 285 395 468 254 396 469 253 397 470 272 398 471 241 399 472 240 400 473 286 401 474 255 402 475 254 403 476 273 404 477 242 405 478 241 406 479 287 407 480 256 408 481 255 409 482 299 410 483 231 411 484 304 412 485 300 413 486 229 414 487 299 415 488 301 106 489 230 106 490 300 106 491 303 416 492 234 417 493 301 418 494 304 102 495 232 102 496 302 102 497 299 419 498 300 420 499 286 421 500 302 422 501 233 423 502 303 424 503 308 0 504 307 0 505 305 0 506 329 425 507 321 426 508 313 427 509 372 428 510 373 429 511 379 430 512 319 431 513 350 432 514 318 433 515 333 434 516 364 435 517 332 436 518 320 437 519 351 438 520 319 439 521 334 440 522 365 441 523 333 442 524 321 443 525 352 444 526 320 445 527 335 446 528 366 447 529 334 448 530 322 449 531 353 450 532 321 451 533 336 452 534 367 453 535 335 454 536 323 455 537 354 456 538 322 457 539 337 458 540 368 459 541 336 460 542 324 461 543 355 462 544 323 463 545 338 464 546 369 465 547 337 466 548 325 467 549 356 468 550 324 179 551 312 469 552 344 469 553 311 470 554 339 471 555 370 472 556 338 473 557 326 474 558 357 475 559 325 259 560 313 476 561 343 260 562 312 477 563 340 382 564 371 383 565 339 478 566 327 479 567 358 480 568 326 481 569 314 482 570 345 483 571 313 484 572 341 485 573 372 486 574 340 487 575 328 488 576 359 489 577 327 160 578 315 490 579 346 491 580 314 492 581 342 493 582 373 494 583 341 495 584 329 496 585 360 497 586 328 498 587 316 499 588 347 500 589 315 501 590 311 358 591 374 357 592 342 359 593 330 502 594 361 503 595 329 504 596 317 505 597 348 506 598 316 507 599 331 349 600 362 350 601 330 296 602 318 508 603 349 509 604 317 510 605 332 511 606 363 512 607 331 513 608 307 514 609 375 515 610 380 516 611 305 517 612 376 518 613 375 307 614 306 102 615 377 102 616 376 102 617 310 519 618 379 520 619 377 521 620 308 106 621 380 106 622 378 106 623 376 522 624 375 523 625 362 524 626 309 525 627 378 526 628 379 527 629 384 528 630 383 529 631 381 530 632 413 531 633 405 532 634 397 533 635 448 534 636 449 535 637 455 536 638 395 537 639 426 538 640 394 539 641 409 540 642 440 541 643 408 542 644 396 322 645 427 321 646 395 323 647 410 543 648 441 544 649 409 510 650 397 545 651 428 546 652 396 406 653 411 342 654 442 341 655 410 343 656 398 547 657 429 548 658 397 549 659 412 550 660 443 551 661 411 552 662 399 553 663 430 554 664 398 555 665 413 556 666 444 557 667 412 228 668 400 382 669 431 383 670 399 478 671 414 558 672 445 558 673 413 559 674 401 374 675 432 375 676 400 560 677 388 561 678 420 562 679 387 160 680 415 563 681 446 564 682 414 409 683 402 565 684 433 279 685 401 566 686 389 364 687 419 363 688 388 365 689 416 567 690 447 568 691 415 569 692 403 570 693 434 571 694 402 572 695 390 356 696 421 355 697 389 84 698 417 396 699 448 395 700 416 397 701 404 573 702 435 574 703 403 394 704 391 575 705 422 576 706 390 351 707 418 388 708 449 387 709 417 389 710 405 577 711 436 261 712 404 578 713 392 579 714 423 580 715 391 581 716 387 582 717 450 583 718 418 584 719 406 377 720 437 378 721 405 484 722 393 585 723 424 585 724 392 131 725 407 369 726 438 370 727 406 586 728 394 587 729 425 588 730 393 589 731 408 590 732 439 148 733 407 591 734 383 592 735 451 593 736 456 521 737 381 594 738 452 595 739 451 527 740 382 106 741 453 106 742 452 106 743 386 596 744 455 597 745 453 516 746 384 102 747 456 102 748 454 102 749 452 598 750 451 599 751 438 600 752 385 601 753 454 602 754 455 307 755 461 603 756 462 604 757 457 605 758 479 209 759 487 606 760 463 607 761 502 608 762 501 609 763 530 610 764 502 611 765 471 612 766 470 613 767 516 614 768 485 615 769 484 616 770 503 432 771 472 431 772 471 433 773 517 617 774 486 617 775 485 617 776 504 544 777 473 543 778 472 510 779 518 453 780 487 452 781 486 454 782 505 618 783 474 619 784 473 620 785 519 621 786 488 622 787 487 623 788 506 499 789 475 500 790 474 624 791 520 625 792 489 626 793 488 442 794 507 490 795 476 491 796 475 627 797 521 628 798 490 629 799 489 630 800 508 631 801 477 632 802 476 271 803 496 633 804 464 634 805 463 635 806 522 636 807 491 637 808 490 513 809 509 638 810 478 639 811 477 640 812 495 259 813 465 259 814 464 259 815 523 575 816 492 576 817 491 641 818 510 642 819 479 643 820 478 644 821 497 468 822 466 467 823 465 179 824 524 503 825 493 502 826 492 504 827 511 645 828 480 646 829 479 572 830 498 647 831 467 648 832 466 463 833 525 282 834 494 282 835 493 282 836 512 649 837 481 650 838 480 651 839 499 652 840 468 653 841 467 654 842 526 655 843 463 656 844 494 657 845 513 485 846 482 486 847 481 658 848 500 659 849 469 660 850 468 661 851 514 382 852 483 383 853 482 265 854 501 662 855 470 663 856 469 664 857 515 471 858 484 472 859 483 665 860 527 666 861 459 667 862 532 418 863 528 668 864 457 669 865 527 424 866 529 102 867 458 102 868 528 102 869 531 670 870 462 671 871 529 412 872 532 106 873 460 106 874 530 106 875 527 672 876 528 673 877 514 674 878 530 675 879 461 676 880 531 415 881 1 0 882 2 0 883 4 0 884 2 0 885 6 0 886 4 0 887 6 0 888 5 0 889 4 0 890 9 3 891 8 209 892 38 677 893 8 209 894 7 209 895 38 677 896 38 677 897 37 678 898 9 3 899 37 678 900 36 209 901 35 209 902 35 209 903 34 209 904 37 678 905 34 209 906 33 679 907 37 678 908 33 679 909 32 680 910 31 681 911 31 681 912 30 209 913 29 209 914 29 209 915 28 209 916 27 209 917 27 209 918 26 209 919 25 682 920 25 682 921 24 683 922 21 1 923 24 683 924 23 684 925 21 1 926 23 684 927 22 685 928 21 1 929 21 1 930 20 686 931 17 2 932 20 686 933 19 687 934 17 2 935 19 687 936 18 688 937 17 2 938 17 2 939 16 689 940 15 690 941 15 690 942 14 209 943 13 691 944 13 691 945 12 692 946 15 690 947 12 692 948 11 693 949 9 3 950 11 693 951 10 694 952 9 3 953 33 679 954 31 681 955 29 209 956 29 209 957 27 209 958 33 679 959 27 209 960 25 682 961 33 679 962 17 2 963 15 690 964 9 3 965 9 3 966 15 690 967 12 692 968 9 3 969 37 678 970 25 682 971 37 678 972 33 679 973 25 682 974 25 682 975 21 1 976 9 3 977 40 695 978 39 0 979 75 5 980 39 0 981 41 0 982 75 5 983 41 0 984 42 696 985 75 5 986 42 696 987 43 697 988 74 698 989 75 5 990 42 696 991 74 698 992 43 697 993 44 699 994 74 698 995 44 699 996 45 700 997 74 698 998 45 700 999 46 0 1000 74 698 1001 46 0 1002 47 0 1003 74 698 1004 47 0 1005 48 0 1006 76 701 1007 48 0 1008 49 702 1009 76 701 1010 76 701 1011 74 698 1012 47 0 1013 75 5 1014 73 703 1015 68 4 1016 73 703 1017 65 704 1018 66 705 1019 73 703 1020 66 705 1021 67 706 1022 69 0 1023 70 707 1024 75 5 1025 70 707 1026 40 695 1027 75 5 1028 67 706 1029 68 4 1030 73 703 1031 15 6 1032 47 708 1033 46 7 1034 29 9 1035 61 709 1036 60 10 1037 16 12 1038 48 710 1039 47 13 1040 30 15 1041 62 711 1042 61 16 1043 17 18 1044 49 712 1045 48 19 1046 31 21 1047 63 713 1048 62 22 1049 18 24 1050 50 714 1051 49 25 1052 32 27 1053 64 715 1054 63 28 1055 19 30 1056 51 30 1057 50 30 1058 33 31 1059 65 716 1060 64 32 1061 20 34 1062 52 717 1063 51 35 1064 34 37 1065 66 718 1066 65 37 1067 21 39 1068 53 179 1069 52 40 1070 8 42 1071 39 719 1072 40 43 1073 35 45 1074 67 720 1075 66 46 1076 22 48 1077 54 49 1078 53 48 1079 9 50 1080 41 721 1081 39 51 1082 36 53 1083 68 722 1084 67 54 1085 23 56 1086 55 723 1087 54 57 1088 10 59 1089 42 162 1090 41 60 1091 37 62 1092 69 161 1093 68 63 1094 24 65 1095 56 724 1096 55 66 1097 11 68 1098 43 725 1099 42 69 1100 38 71 1101 70 726 1102 69 72 1103 25 74 1104 57 75 1105 56 74 1106 12 76 1107 44 727 1108 43 77 1109 7 79 1110 40 728 1111 70 80 1112 26 82 1113 58 144 1114 57 83 1115 13 85 1116 45 729 1117 44 85 1118 27 87 1119 59 730 1120 58 88 1121 14 90 1122 46 731 1123 45 91 1124 28 93 1125 60 732 1126 59 94 1127 3 96 1128 1 197 1129 71 97 1130 1 99 1131 2 194 1132 72 100 1133 2 102 1134 6 102 1135 73 102 1136 6 103 1137 5 204 1138 75 104 1139 4 106 1140 3 106 1141 76 106 1142 64 0 1143 65 704 1144 73 703 1145 64 0 1146 73 703 1147 63 0 1148 73 703 1149 72 107 1150 63 0 1151 62 0 1152 63 0 1153 72 107 1154 60 0 1155 61 0 1156 72 107 1157 61 0 1158 62 0 1159 72 107 1160 58 109 1161 59 733 1162 72 107 1163 59 733 1164 60 0 1165 72 107 1166 56 0 1167 57 0 1168 71 108 1169 57 0 1170 58 109 1171 71 108 1172 54 734 1173 55 735 1174 71 108 1175 55 735 1176 56 0 1177 71 108 1178 52 736 1179 53 0 1180 71 108 1181 53 0 1182 54 734 1183 71 108 1184 50 737 1185 51 738 1186 76 701 1187 51 738 1188 52 736 1189 76 701 1190 76 701 1191 49 702 1192 50 737 1193 71 108 1194 76 701 1195 52 736 1196 5 110 1197 4 199 1198 74 111 1199 82 0 1200 78 0 1201 80 0 1202 78 0 1203 77 0 1204 80 0 1205 77 0 1206 79 0 1207 80 0 1208 83 739 1209 84 740 1210 87 741 1211 84 740 1212 85 742 1213 87 741 1214 85 742 1215 86 209 1216 87 741 1217 87 741 1218 88 743 1219 89 744 1220 89 744 1221 90 745 1222 91 113 1223 91 113 1224 92 209 1225 93 746 1226 93 746 1227 94 747 1228 95 748 1229 95 748 1230 96 209 1231 97 749 1232 97 749 1233 98 750 1234 99 114 1235 99 114 1236 100 751 1237 101 752 1238 101 752 1239 102 209 1240 103 753 1241 103 753 1242 104 754 1243 105 755 1244 105 755 1245 106 756 1246 107 115 1247 107 115 1248 108 209 1249 109 757 1250 109 757 1251 110 758 1252 111 759 1253 111 759 1254 112 209 1255 113 760 1256 113 760 1257 114 761 1258 111 759 1259 114 761 1260 83 739 1261 111 759 1262 87 741 1263 89 744 1264 83 739 1265 89 744 1266 91 113 1267 83 739 1268 91 113 1269 93 746 1270 95 748 1271 95 748 1272 97 749 1273 91 113 1274 97 749 1275 99 114 1276 91 113 1277 99 114 1278 101 752 1279 107 115 1280 101 752 1281 103 753 1282 107 115 1283 103 753 1284 105 755 1285 107 115 1286 107 115 1287 109 757 1288 83 739 1289 109 757 1290 111 759 1291 83 739 1292 83 739 1293 91 113 1294 107 115 1295 117 762 1296 115 763 1297 151 764 1298 115 763 1299 116 765 1300 151 764 1301 116 765 1302 146 0 1303 151 764 1304 146 0 1305 145 0 1306 151 764 1307 145 0 1308 144 766 1309 151 764 1310 144 766 1311 143 767 1312 149 768 1313 151 764 1314 144 766 1315 149 768 1316 143 767 1317 142 0 1318 149 768 1319 142 0 1320 141 0 1321 149 768 1322 150 116 1323 152 769 1324 123 770 1325 152 769 1326 125 0 1327 124 771 1328 152 769 1329 124 771 1330 123 770 1331 151 764 1332 150 116 1333 118 772 1334 118 772 1335 150 116 1336 119 773 1337 118 772 1338 117 762 1339 151 764 1340 121 0 1341 120 774 1342 150 116 1343 120 774 1344 119 773 1345 150 116 1346 123 770 1347 122 0 1348 150 116 1349 122 117 1350 123 775 1351 91 118 1352 136 120 1353 137 661 1354 105 121 1355 123 123 1356 124 776 1357 92 124 1358 137 19 1359 138 712 1360 106 18 1361 124 16 1362 125 711 1363 93 15 1364 138 126 1365 139 777 1366 107 127 1367 125 129 1368 126 778 1369 94 130 1370 139 132 1371 140 779 1372 108 133 1373 126 94 1374 127 732 1375 95 93 1376 140 135 1377 141 780 1378 109 136 1379 127 138 1380 128 781 1381 96 139 1382 141 141 1383 142 782 1384 110 142 1385 128 82 1386 129 84 1387 97 83 1388 116 145 1389 115 783 1390 84 146 1391 142 148 1392 143 784 1393 111 149 1394 129 151 1395 130 151 1396 98 151 1397 115 152 1398 117 785 1399 85 153 1400 143 155 1401 144 786 1402 112 156 1403 130 158 1404 131 787 1405 99 159 1406 117 62 1407 118 64 1408 86 63 1409 144 59 1410 145 61 1411 113 60 1412 131 163 1413 132 635 1414 100 164 1415 118 166 1416 119 264 1417 87 167 1418 145 169 1419 146 788 1420 114 170 1421 132 172 1422 133 172 1423 101 172 1424 119 173 1425 120 789 1426 88 174 1427 146 176 1428 116 790 1429 83 177 1430 133 39 1431 134 41 1432 102 40 1433 120 180 1434 121 791 1435 89 181 1436 134 183 1437 135 792 1438 103 184 1439 121 186 1440 122 793 1441 90 187 1442 135 189 1443 136 240 1444 104 190 1445 147 192 1446 77 101 1447 79 193 1448 148 195 1449 78 98 1450 77 196 1451 149 106 1452 82 106 1453 78 106 1454 151 110 1455 81 112 1456 82 198 1457 152 102 1458 79 102 1459 80 102 1460 149 768 1461 141 0 1462 140 0 1463 140 0 1464 139 794 1465 149 768 1466 139 794 1467 138 795 1468 148 201 1469 149 768 1470 139 794 1471 148 201 1472 138 795 1473 137 0 1474 148 201 1475 137 0 1476 136 796 1477 148 201 1478 136 796 1479 135 797 1480 148 201 1481 135 797 1482 134 202 1483 148 201 1484 134 202 1485 133 0 1486 147 200 1487 133 0 1488 132 798 1489 147 200 1490 132 798 1491 131 799 1492 147 200 1493 131 799 1494 130 800 1495 147 200 1496 130 800 1497 129 0 1498 147 200 1499 129 0 1500 128 801 1501 147 200 1502 128 801 1503 127 802 1504 152 769 1505 127 802 1506 126 803 1507 152 769 1508 126 803 1509 125 0 1510 152 769 1511 152 769 1512 147 200 1513 128 801 1514 150 203 1515 80 105 1516 81 104 1517 153 207 1518 154 804 1519 156 205 1520 154 804 1521 158 805 1522 156 205 1523 158 805 1524 157 806 1525 156 205 1526 161 210 1527 160 807 1528 159 808 1529 159 808 1530 190 809 1531 189 810 1532 189 810 1533 188 811 1534 187 812 1535 187 812 1536 186 209 1537 189 810 1538 186 209 1539 185 813 1540 189 810 1541 185 813 1542 184 814 1543 183 815 1544 183 815 1545 182 209 1546 181 816 1547 181 816 1548 180 209 1549 177 817 1550 180 209 1551 179 209 1552 177 817 1553 179 209 1554 178 209 1555 177 817 1556 177 817 1557 176 209 1558 174 818 1559 176 209 1560 175 209 1561 174 818 1562 174 818 1563 173 208 1564 177 817 1565 173 208 1566 172 819 1567 171 820 1568 171 820 1569 170 209 1570 173 208 1571 170 209 1572 169 209 1573 173 208 1574 169 209 1575 168 209 1576 167 821 1577 167 821 1578 166 209 1579 165 822 1580 165 822 1581 164 209 1582 161 210 1583 164 209 1584 163 209 1585 161 210 1586 163 209 1587 162 209 1588 161 210 1589 161 210 1590 159 808 1591 189 810 1592 185 813 1593 183 815 1594 177 817 1595 183 815 1596 181 816 1597 177 817 1598 169 209 1599 167 821 1600 161 210 1601 167 821 1602 165 822 1603 161 210 1604 161 210 1605 189 810 1606 177 817 1607 189 810 1608 185 813 1609 177 817 1610 177 817 1611 173 208 1612 161 210 1613 192 823 1614 191 824 1615 227 213 1616 191 824 1617 193 825 1618 227 213 1619 193 825 1620 194 826 1621 227 213 1622 194 826 1623 195 0 1624 226 827 1625 227 213 1626 194 826 1627 226 827 1628 195 0 1629 196 0 1630 226 827 1631 196 0 1632 197 828 1633 226 827 1634 197 828 1635 198 829 1636 226 827 1637 198 829 1638 199 830 1639 226 827 1640 199 830 1641 200 831 1642 228 832 1643 200 831 1644 201 833 1645 228 832 1646 228 832 1647 226 827 1648 199 830 1649 227 213 1650 225 834 1651 220 211 1652 225 834 1653 217 835 1654 218 836 1655 225 834 1656 218 836 1657 219 837 1658 221 212 1659 222 838 1660 227 213 1661 222 838 1662 192 823 1663 227 213 1664 219 837 1665 220 211 1666 225 834 1667 167 214 1668 199 839 1669 198 215 1670 181 217 1671 213 840 1672 212 218 1673 168 220 1674 200 841 1675 199 221 1676 182 223 1677 214 842 1678 213 224 1679 169 226 1680 201 445 1681 200 227 1682 183 229 1683 215 843 1684 214 230 1685 170 232 1686 202 844 1687 201 233 1688 184 235 1689 216 845 1690 215 236 1691 171 238 1692 203 846 1693 202 239 1694 185 241 1695 217 847 1696 216 242 1697 172 244 1698 204 848 1699 203 245 1700 186 247 1701 218 849 1702 217 248 1703 173 250 1704 205 179 1705 204 251 1706 160 253 1707 191 850 1708 192 254 1709 187 256 1710 219 851 1711 218 257 1712 174 259 1713 206 259 1714 205 259 1715 161 260 1716 193 477 1717 191 261 1718 188 263 1719 220 852 1720 219 264 1721 175 266 1722 207 853 1723 206 267 1724 162 269 1725 194 854 1726 193 270 1727 189 272 1728 221 560 1729 220 273 1730 176 275 1731 208 855 1732 207 276 1733 163 278 1734 195 278 1735 194 278 1736 190 279 1737 222 495 1738 221 280 1739 177 282 1740 209 282 1741 208 282 1742 164 283 1743 196 856 1744 195 284 1745 159 286 1746 192 572 1747 222 287 1748 178 289 1749 210 857 1750 209 290 1751 165 291 1752 197 858 1753 196 292 1754 179 294 1755 211 859 1756 210 295 1757 166 297 1758 198 298 1759 197 297 1760 180 299 1761 212 732 1762 211 300 1763 155 302 1764 153 860 1765 223 303 1766 153 305 1767 154 861 1768 224 306 1769 154 102 1770 158 102 1771 225 102 1772 158 308 1773 157 862 1774 227 309 1775 156 106 1776 155 106 1777 228 106 1778 216 0 1779 217 835 1780 225 834 1781 216 0 1782 225 834 1783 215 0 1784 225 834 1785 224 311 1786 215 0 1787 214 0 1788 215 0 1789 224 311 1790 212 0 1791 213 0 1792 224 311 1793 213 0 1794 214 0 1795 224 311 1796 210 313 1797 211 0 1798 224 311 1799 211 0 1800 212 0 1801 224 311 1802 208 863 1803 209 864 1804 223 312 1805 209 864 1806 210 313 1807 223 312 1808 206 865 1809 207 866 1810 223 312 1811 207 866 1812 208 863 1813 223 312 1814 204 867 1815 205 868 1816 223 312 1817 205 868 1818 206 865 1819 223 312 1820 202 869 1821 203 870 1822 228 832 1823 203 870 1824 204 867 1825 228 832 1826 228 832 1827 201 833 1828 202 869 1829 223 312 1830 228 832 1831 204 867 1832 157 314 1833 156 871 1834 226 315 1835 234 0 1836 230 0 1837 229 0 1838 229 0 1839 231 0 1840 232 0 1841 232 0 1842 233 0 1843 229 0 1844 235 872 1845 236 209 1846 237 873 1847 237 873 1848 238 874 1849 235 872 1850 238 874 1851 239 875 1852 235 872 1853 239 875 1854 240 876 1855 241 877 1856 241 877 1857 242 878 1858 243 317 1859 243 317 1860 244 879 1861 245 880 1862 245 880 1863 246 688 1864 247 881 1865 247 881 1866 248 882 1867 251 318 1868 248 882 1869 249 883 1870 251 318 1871 249 883 1872 250 209 1873 251 318 1874 251 318 1875 252 884 1876 253 885 1877 253 885 1878 254 886 1879 251 318 1880 254 886 1881 255 887 1882 257 888 1883 251 318 1884 254 886 1885 257 888 1886 255 887 1887 256 889 1888 257 888 1889 257 888 1890 258 890 1891 259 319 1892 259 319 1893 260 891 1894 261 892 1895 261 892 1896 262 893 1897 263 894 1898 263 894 1899 264 895 1900 235 872 1901 264 895 1902 265 896 1903 235 872 1904 265 896 1905 266 897 1906 235 872 1907 239 875 1908 241 877 1909 235 872 1910 241 877 1911 243 317 1912 235 872 1913 243 317 1914 245 880 1915 251 318 1916 245 880 1917 247 881 1918 251 318 1919 257 888 1920 259 319 1921 251 318 1922 259 319 1923 261 892 1924 235 872 1925 261 892 1926 263 894 1927 235 872 1928 235 872 1929 243 317 1930 259 319 1931 269 898 1932 267 899 1933 303 900 1934 267 899 1935 268 901 1936 303 900 1937 268 901 1938 298 902 1939 303 900 1940 298 902 1941 297 903 1942 303 900 1943 297 903 1944 296 904 1945 303 900 1946 296 904 1947 295 905 1948 301 906 1949 303 900 1950 296 904 1951 301 906 1952 295 905 1953 294 0 1954 301 906 1955 294 0 1956 293 907 1957 301 906 1958 302 320 1959 304 908 1960 275 909 1961 304 908 1962 277 910 1963 276 911 1964 304 908 1965 276 911 1966 275 909 1967 303 900 1968 302 320 1969 270 912 1970 270 912 1971 302 320 1972 271 0 1973 270 912 1974 269 898 1975 303 900 1976 273 0 1977 272 0 1978 302 320 1979 272 0 1980 271 0 1981 302 320 1982 275 909 1983 274 0 1984 302 320 1985 274 321 1986 275 913 1987 243 322 1988 288 324 1989 289 914 1990 257 325 1991 275 327 1992 276 915 1993 244 328 1994 289 330 1995 290 916 1996 258 331 1997 276 332 1998 277 842 1999 245 333 2000 290 335 2001 291 917 2002 259 336 2003 277 338 2004 278 918 2005 246 339 2006 291 341 2007 292 919 2008 260 342 2009 278 344 2010 279 301 2011 247 345 2012 292 346 2013 293 920 2014 261 347 2015 279 349 2016 280 296 2017 248 350 2018 293 352 2019 294 921 2020 262 353 2021 280 355 2022 281 922 2023 249 356 2024 268 357 2025 267 923 2026 236 358 2027 294 360 2028 295 856 2029 263 361 2030 281 363 2031 282 282 2032 250 364 2033 267 366 2034 269 495 2035 237 367 2036 295 369 2037 296 586 2038 264 370 2039 282 372 2040 283 277 2041 251 373 2042 269 374 2043 270 560 2044 238 375 2045 296 377 2046 297 484 2047 265 378 2048 283 379 2049 284 635 2050 252 380 2051 270 382 2052 271 478 2053 239 383 2054 297 384 2055 298 477 2056 266 385 2057 284 387 2058 285 259 2059 253 388 2060 271 46 2061 272 851 2062 240 390 2063 298 392 2064 268 470 2065 235 393 2066 285 395 2067 286 179 2068 254 396 2069 272 398 2070 273 549 2071 241 399 2072 286 401 2073 287 924 2074 255 402 2075 273 404 2076 274 925 2077 242 405 2078 287 407 2079 288 240 2080 256 408 2081 299 410 2082 229 926 2083 231 411 2084 300 413 2085 230 927 2086 229 414 2087 301 106 2088 234 106 2089 230 106 2090 303 416 2091 233 928 2092 234 417 2093 304 102 2094 231 102 2095 232 102 2096 301 906 2097 293 907 2098 292 929 2099 292 929 2100 291 0 2101 301 906 2102 291 0 2103 290 930 2104 300 420 2105 301 906 2106 291 0 2107 300 420 2108 290 930 2109 289 931 2110 300 420 2111 289 931 2112 288 0 2113 300 420 2114 288 0 2115 287 932 2116 300 420 2117 287 932 2118 286 421 2119 300 420 2120 286 421 2121 285 933 2122 299 419 2123 285 933 2124 284 934 2125 299 419 2126 284 934 2127 283 935 2128 299 419 2129 283 935 2130 282 936 2131 299 419 2132 282 936 2133 281 937 2134 299 419 2135 281 937 2136 280 938 2137 299 419 2138 280 938 2139 279 0 2140 304 908 2141 279 0 2142 278 0 2143 304 908 2144 278 0 2145 277 910 2146 304 908 2147 304 908 2148 299 419 2149 280 938 2150 302 422 2151 232 939 2152 233 423 2153 305 0 2154 306 0 2155 310 0 2156 310 0 2157 309 0 2158 305 0 2159 309 0 2160 308 0 2161 305 0 2162 313 427 2163 312 209 2164 311 940 2165 311 940 2166 342 941 2167 341 942 2168 341 942 2169 340 943 2170 311 940 2171 340 943 2172 339 944 2173 311 940 2174 339 944 2175 338 743 2176 337 945 2177 337 945 2178 336 209 2179 333 946 2180 336 209 2181 335 209 2182 334 209 2183 333 946 2184 336 209 2185 334 209 2186 333 946 2187 332 688 2188 331 947 2189 331 947 2190 330 209 2191 333 946 2192 330 209 2193 329 425 2194 333 946 2195 329 425 2196 328 948 2197 321 426 2198 328 948 2199 327 949 2200 326 950 2201 321 426 2202 326 950 2203 324 951 2204 326 950 2205 325 209 2206 324 951 2207 328 948 2208 326 950 2209 321 426 2210 324 951 2211 323 209 2212 322 209 2213 321 426 2214 324 951 2215 322 209 2216 321 426 2217 320 952 2218 319 953 2219 319 953 2220 318 209 2221 317 209 2222 317 209 2223 316 209 2224 314 209 2225 316 209 2226 315 209 2227 314 209 2228 314 209 2229 313 427 2230 317 209 2231 313 427 2232 311 940 2233 337 945 2234 337 945 2235 311 940 2236 339 944 2237 321 426 2238 319 953 2239 313 427 2240 319 953 2241 317 209 2242 313 427 2243 337 945 2244 333 946 2245 313 427 2246 333 946 2247 329 425 2248 313 427 2249 344 954 2250 343 955 2251 379 430 2252 343 955 2253 345 956 2254 379 430 2255 345 956 2256 346 957 2257 379 430 2258 346 957 2259 347 0 2260 378 958 2261 379 430 2262 346 957 2263 378 958 2264 347 0 2265 348 0 2266 378 958 2267 348 0 2268 349 959 2269 378 958 2270 349 959 2271 350 960 2272 378 958 2273 350 960 2274 351 961 2275 378 958 2276 351 961 2277 352 962 2278 380 963 2279 352 962 2280 353 964 2281 380 963 2282 380 963 2283 378 958 2284 351 961 2285 379 430 2286 377 965 2287 372 428 2288 377 965 2289 369 0 2290 370 0 2291 377 965 2292 370 0 2293 371 966 2294 373 429 2295 374 967 2296 379 430 2297 374 967 2298 344 954 2299 379 430 2300 371 966 2301 372 428 2302 377 965 2303 319 431 2304 351 968 2305 350 432 2306 333 434 2307 365 969 2308 364 435 2309 320 437 2310 352 970 2311 351 438 2312 334 440 2313 366 971 2314 365 441 2315 321 443 2316 353 972 2317 352 444 2318 335 446 2319 367 973 2320 366 447 2321 322 449 2322 354 974 2323 353 450 2324 336 452 2325 368 975 2326 367 453 2327 323 455 2328 355 976 2329 354 456 2330 337 458 2331 369 617 2332 368 459 2333 324 461 2334 356 977 2335 355 462 2336 338 464 2337 370 978 2338 369 465 2339 325 467 2340 357 979 2341 356 468 2342 312 469 2343 343 470 2344 344 469 2345 339 471 2346 371 665 2347 370 472 2348 326 474 2349 358 980 2350 357 475 2351 313 476 2352 345 262 2353 343 260 2354 340 382 2355 372 265 2356 371 383 2357 327 479 2358 359 635 2359 358 480 2360 314 482 2361 346 981 2362 345 483 2363 341 485 2364 373 658 2365 372 486 2366 328 488 2367 360 982 2368 359 489 2369 315 490 2370 347 627 2371 346 491 2372 342 493 2373 374 281 2374 373 494 2375 329 496 2376 361 282 2377 360 497 2378 316 499 2379 348 624 2380 347 500 2381 311 358 2382 344 923 2383 374 357 2384 330 502 2385 362 983 2386 361 503 2387 317 505 2388 349 293 2389 348 506 2390 331 349 2391 363 351 2392 362 350 2393 318 508 2394 350 984 2395 349 509 2396 332 511 2397 364 985 2398 363 512 2399 307 514 2400 305 986 2401 375 515 2402 305 517 2403 306 987 2404 376 518 2405 306 102 2406 310 102 2407 377 102 2408 310 519 2409 309 988 2410 379 520 2411 308 106 2412 307 106 2413 380 106 2414 368 989 2415 369 0 2416 377 965 2417 368 989 2418 377 965 2419 367 990 2420 377 965 2421 376 522 2422 367 990 2423 366 991 2424 367 990 2425 376 522 2426 364 0 2427 365 0 2428 376 522 2429 365 0 2430 366 991 2431 376 522 2432 362 524 2433 363 992 2434 376 522 2435 363 992 2436 364 0 2437 376 522 2438 360 0 2439 361 0 2440 375 523 2441 361 0 2442 362 524 2443 375 523 2444 358 993 2445 359 994 2446 375 523 2447 359 994 2448 360 0 2449 375 523 2450 356 995 2451 357 996 2452 375 523 2453 357 996 2454 358 993 2455 375 523 2456 354 0 2457 355 0 2458 380 963 2459 355 0 2460 356 995 2461 380 963 2462 380 963 2463 353 964 2464 354 0 2465 375 523 2466 380 963 2467 356 995 2468 309 525 2469 308 997 2470 378 526 2471 381 530 2472 382 998 2473 386 999 2474 386 999 2475 385 1000 2476 381 530 2477 385 1000 2478 384 528 2479 381 530 2480 389 209 2481 388 209 2482 387 1001 2483 387 1001 2484 418 694 2485 417 1002 2486 417 1002 2487 416 1003 2488 387 1001 2489 416 1003 2490 415 1004 2491 413 531 2492 415 1004 2493 414 754 2494 413 531 2495 413 531 2496 412 890 2497 411 1005 2498 411 1005 2499 410 891 2500 409 1006 2501 409 1006 2502 408 758 2503 407 1007 2504 407 1007 2505 406 1008 2506 409 1006 2507 406 1008 2508 405 532 2509 409 1006 2510 405 532 2511 404 751 2512 403 1009 2513 403 1009 2514 402 1008 2515 405 532 2516 402 1008 2517 401 1010 2518 405 532 2519 401 1010 2520 400 1011 2521 397 533 2522 400 1011 2523 399 1012 2524 397 533 2525 399 1012 2526 398 743 2527 397 533 2528 397 533 2529 396 1013 2530 395 1014 2531 395 1014 2532 394 879 2533 393 1015 2534 393 1015 2535 392 1016 2536 391 1017 2537 391 1017 2538 390 1018 2539 393 1015 2540 390 1018 2541 389 209 2542 393 1015 2543 389 209 2544 387 1001 2545 413 531 2546 413 531 2547 387 1001 2548 416 1003 2549 413 531 2550 411 1005 2551 405 532 2552 411 1005 2553 409 1006 2554 405 532 2555 397 533 2556 395 1014 2557 389 209 2558 395 1014 2559 393 1015 2560 389 209 2561 405 532 2562 401 1010 2563 397 533 2564 389 209 2565 413 531 2566 397 533 2567 420 1019 2568 419 1020 2569 455 536 2570 419 1020 2571 421 1021 2572 455 536 2573 421 1021 2574 422 1022 2575 455 536 2576 422 1022 2577 423 0 2578 454 1023 2579 455 536 2580 422 1022 2581 454 1023 2582 423 0 2583 424 0 2584 454 1023 2585 424 0 2586 425 0 2587 454 1023 2588 425 0 2589 426 0 2590 454 1023 2591 426 0 2592 427 0 2593 454 1023 2594 427 0 2595 428 0 2596 456 1024 2597 428 0 2598 429 0 2599 456 1024 2600 456 1024 2601 454 1023 2602 427 0 2603 455 536 2604 453 1025 2605 448 534 2606 453 1025 2607 445 1026 2608 446 0 2609 453 1025 2610 446 0 2611 447 1027 2612 449 535 2613 450 1028 2614 455 536 2615 450 1028 2616 420 1019 2617 455 536 2618 447 1027 2619 448 534 2620 453 1025 2621 395 537 2622 427 1029 2623 426 538 2624 409 540 2625 441 354 2626 440 541 2627 396 322 2628 428 913 2629 427 321 2630 410 543 2631 442 920 2632 441 544 2633 397 545 2634 429 1030 2635 428 546 2636 411 342 2637 443 919 2638 442 341 2639 398 547 2640 430 1031 2641 429 548 2642 412 550 2643 444 1032 2644 443 551 2645 399 553 2646 431 258 2647 430 554 2648 413 556 2649 445 972 2650 444 557 2651 400 382 2652 432 265 2653 431 383 2654 414 558 2655 446 559 2656 445 558 2657 401 374 2658 433 376 2659 432 375 2660 388 561 2661 419 1033 2662 420 562 2663 415 563 2664 447 1034 2665 446 564 2666 402 565 2667 434 366 2668 433 279 2669 389 364 2670 421 282 2671 419 363 2672 416 567 2673 448 924 2674 447 568 2675 403 570 2676 435 923 2677 434 571 2678 390 356 2679 422 922 2680 421 355 2681 417 396 2682 449 179 2683 448 395 2684 404 573 2685 436 1035 2686 435 574 2687 391 575 2688 423 641 2689 422 576 2690 418 388 2691 450 259 2692 449 387 2693 405 577 2694 437 640 2695 436 261 2696 392 579 2697 424 301 2698 423 580 2699 387 582 2700 420 635 2701 450 583 2702 406 377 2703 438 271 2704 437 378 2705 393 585 2706 425 131 2707 424 585 2708 407 369 2709 439 371 2710 438 370 2711 394 587 2712 426 842 2713 425 588 2714 408 590 2715 440 285 2716 439 148 2717 383 592 2718 381 1036 2719 451 593 2720 381 594 2721 382 1037 2722 452 595 2723 382 106 2724 386 106 2725 453 106 2726 386 596 2727 385 1038 2728 455 597 2729 384 102 2730 383 102 2731 456 102 2732 444 1039 2733 445 1026 2734 453 1025 2735 444 1039 2736 453 1025 2737 443 0 2738 453 1025 2739 452 598 2740 443 0 2741 442 1040 2742 443 0 2743 452 598 2744 440 0 2745 441 1041 2746 452 598 2747 441 1041 2748 442 1040 2749 452 598 2750 438 600 2751 439 1042 2752 452 598 2753 439 1042 2754 440 0 2755 452 598 2756 436 1043 2757 437 1044 2758 451 599 2759 437 1044 2760 438 600 2761 451 599 2762 434 1045 2763 435 1046 2764 451 599 2765 435 1046 2766 436 1043 2767 451 599 2768 432 1047 2769 433 1048 2770 451 599 2771 433 1048 2772 434 1045 2773 451 599 2774 430 0 2775 431 1049 2776 456 1024 2777 431 1049 2778 432 1047 2779 456 1024 2780 456 1024 2781 429 0 2782 430 0 2783 451 599 2784 456 1024 2785 432 1047 2786 385 601 2787 384 1050 2788 454 602 2789 462 604 2790 458 1051 2791 457 605 2792 457 605 2793 459 1052 2794 460 1053 2795 460 1053 2796 461 603 2797 457 605 2798 463 607 2799 464 209 2800 465 209 2801 465 209 2802 466 209 2803 463 607 2804 466 209 2805 467 1054 2806 463 607 2807 467 1054 2808 468 1055 2809 471 1056 2810 468 1055 2811 469 891 2812 470 1057 2813 471 1056 2814 468 1055 2815 470 1057 2816 471 1056 2817 472 209 2818 473 209 2819 473 209 2820 474 209 2821 471 1056 2822 474 209 2823 475 209 2824 471 1056 2825 475 209 2826 476 209 2827 478 209 2828 476 209 2829 477 209 2830 478 209 2831 478 209 2832 479 209 2833 471 1056 2834 475 209 2835 478 209 2836 471 1056 2837 479 209 2838 480 1058 2839 487 606 2840 480 1058 2841 481 1059 2842 482 1060 2843 483 1061 2844 480 1058 2845 482 1060 2846 483 1061 2847 484 758 2848 485 1062 2849 485 1062 2850 486 1063 2851 483 1061 2852 486 1063 2853 487 606 2854 483 1061 2855 487 606 2856 488 1064 2857 491 1065 2858 488 1064 2859 489 209 2860 490 1066 2861 491 1065 2862 488 1064 2863 490 1066 2864 491 1065 2865 492 1067 2866 463 607 2867 492 1067 2868 493 1068 2869 463 607 2870 493 1068 2871 494 1069 2872 463 607 2873 480 1058 2874 483 1061 2875 487 606 2876 463 607 2877 467 1054 2878 471 1056 2879 487 606 2880 491 1065 2881 463 607 2882 463 607 2883 471 1056 2884 479 209 2885 497 1070 2886 495 1071 2887 531 1072 2888 495 1071 2889 496 1073 2890 531 1072 2891 496 1073 2892 526 0 2893 531 1072 2894 526 0 2895 525 0 2896 531 1072 2897 525 0 2898 524 1074 2899 531 1072 2900 524 1074 2901 523 1075 2902 529 1076 2903 531 1072 2904 524 1074 2905 529 1076 2906 523 1075 2907 522 0 2908 529 1076 2909 522 0 2910 521 1077 2911 529 1076 2912 530 610 2913 532 1078 2914 503 1079 2915 532 1078 2916 505 1080 2917 504 1081 2918 532 1078 2919 504 1081 2920 503 1079 2921 531 1072 2922 530 610 2923 498 1082 2924 498 1082 2925 530 610 2926 499 0 2927 498 1082 2928 497 1070 2929 531 1072 2930 501 609 2931 500 0 2932 530 610 2933 500 0 2934 499 0 2935 530 610 2936 503 1079 2937 502 608 2938 530 610 2939 502 611 2940 503 1083 2941 471 612 2942 516 614 2943 517 1084 2944 485 615 2945 503 432 2946 504 968 2947 472 431 2948 517 617 2949 518 617 2950 486 617 2951 504 544 2952 505 920 2953 473 543 2954 518 453 2955 519 975 2956 487 452 2957 505 618 2958 506 1085 2959 474 619 2960 519 621 2961 520 1086 2962 488 622 2963 506 499 2964 507 501 2965 475 500 2966 520 625 2967 521 1087 2968 489 626 2969 507 490 2970 508 492 2971 476 491 2972 521 628 2973 522 1088 2974 490 629 2975 508 631 2976 509 1089 2977 477 632 2978 496 633 2979 495 1090 2980 464 634 2981 522 636 2982 523 1091 2983 491 637 2984 509 638 2985 510 1092 2986 478 639 2987 495 259 2988 497 259 2989 465 259 2990 523 575 2991 524 351 2992 492 576 2993 510 642 2994 511 1035 2995 479 643 2996 497 468 2997 498 979 2998 466 467 2999 524 503 3000 525 983 3001 493 502 3002 511 645 3003 512 1093 3004 480 646 3005 498 647 3006 499 1094 3007 467 648 3008 525 282 3009 526 282 3010 494 282 3011 512 649 3012 513 366 3013 481 650 3014 499 652 3015 500 976 3016 468 653 3017 526 655 3018 496 724 3019 463 656 3020 513 485 3021 514 487 3022 482 486 3023 500 659 3024 501 1095 3025 469 660 3026 514 382 3027 515 478 3028 483 383 3029 501 662 3030 502 972 3031 470 663 3032 515 471 3033 516 473 3034 484 472 3035 527 666 3036 457 1096 3037 459 667 3038 528 668 3039 458 1097 3040 457 669 3041 529 102 3042 462 102 3043 458 102 3044 531 670 3045 461 1098 3046 462 671 3047 532 106 3048 459 106 3049 460 106 3050 529 1076 3051 521 1077 3052 520 1099 3053 520 1099 3054 519 1100 3055 529 1076 3056 519 1100 3057 518 1101 3058 528 673 3059 529 1076 3060 519 1100 3061 528 673 3062 518 1101 3063 517 0 3064 528 673 3065 517 0 3066 516 0 3067 528 673 3068 516 0 3069 515 1102 3070 528 673 3071 515 1102 3072 514 674 3073 528 673 3074 514 674 3075 513 1103 3076 527 672 3077 513 1103 3078 512 1104 3079 527 672 3080 512 1104 3081 511 1105 3082 527 672 3083 511 1105 3084 510 1106 3085 527 672 3086 510 1106 3087 509 1107 3088 527 672 3089 509 1107 3090 508 1108 3091 527 672 3092 508 1108 3093 507 0 3094 532 1078 3095 507 0 3096 506 0 3097 532 1078 3098 506 0 3099 505 1080 3100 532 1078 3101 532 1078 3102 527 672 3103 508 1108 3104 530 675 3105 460 1109 3106 461 676 3107</p>
        </triangles>
      </mesh>
    </geometry>
    <geometry id="Plane_006-mesh" name="Plane.006">
      <mesh>
        <source id="Plane_006-mesh-positions">
          <float_array id="Plane_006-mesh-positions-array" count="486">-99.99999 54.4585 100 99.99999 54.4585 100 -99.99999 54.4585 -100 99.99999 54.4585 -100 -99.99999 54.4585 0 0 54.4585 100 99.99999 54.4585 0 0 54.4585 -100 0 54.4585 0 -99.99999 54.4585 50 49.99999 54.4585 100 99.99999 54.4585 -50 -49.99999 54.4585 -100 -99.99999 54.4585 -50 -49.99999 54.4585 100 99.99999 54.4585 50 49.99999 54.4585 -100 0 54.4585 -50 0 54.4585 50 -49.99999 54.4585 0 49.99999 54.4585 0 49.99999 54.4585 50 -49.99999 54.4585 50 -49.99999 54.4585 -50 49.99999 54.4585 -50 -99.99999 54.4585 75 74.99999 54.4585 100 99.99999 54.4585 -75 -74.99999 54.4585 -100 -99.99999 54.4585 -25 -25 54.4585 100 99.99999 54.4585 25 25 54.4585 -100 0 54.4585 -75 0 54.4585 25 -74.99999 54.4585 0 25 54.4585 0 -99.99999 54.4585 25 25 54.4585 100 99.99999 54.4585 -25 -25 54.4585 -100 -99.99999 54.4585 -75 -74.99999 54.4585 100 99.99999 54.4585 75 74.99999 54.4585 -100 0 54.4585 -25 0 54.4585 75 -25 54.4585 0 74.99999 54.4585 0 49.99999 54.4585 25 49.99999 54.4585 75 25 54.4585 50 74.99999 54.4585 50 -49.99999 54.4585 25 -49.99999 54.4585 75 -74.99999 54.4585 50 -25 54.4585 50 -49.99999 54.4585 -75 -49.99999 54.4585 -25 -74.99999 54.4585 -50 -25 54.4585 -50 49.99999 54.4585 -75 49.99999 54.4585 -25 25 54.4585 -50 74.99999 54.4585 -50 74.99999 54.4585 -25 25 54.4585 -25 25 54.4585 -75 -25 54.4585 -25 -74.99999 54.4585 -25 -74.99999 54.4585 -75 -25 54.4585 75 -74.99999 54.4585 75 -74.99999 54.4585 25 74.99999 54.4585 75 25 54.4585 75 25 54.4585 25 74.99999 54.4585 25 -25 54.4585 25 -25 54.4585 -75 74.99999 54.4585 -75 -99.99999 53.3585 100 99.99999 53.3585 100 -99.99999 53.3585 -100 99.99999 53.3585 -100 -99.99999 53.3585 0 0 53.3585 100 99.99999 53.3585 0 0 53.3585 -100 0 53.3585 0 -99.99999 53.3585 50 49.99999 53.3585 100 99.99999 53.3585 -50 -49.99999 53.3585 -100 -99.99999 53.3585 -50 -49.99999 53.3585 100 99.99999 53.3585 50 49.99999 53.3585 -100 0 53.3585 -50 0 53.3585 50 -49.99999 53.3585 0 49.99999 53.3585 0 49.99999 53.3585 50 -49.99999 53.3585 50 -49.99999 53.3585 -50 49.99999 53.3585 -50 -99.99999 53.3585 75 74.99999 53.3585 100 99.99999 53.3585 -75 -74.99999 53.3585 -100 -99.99999 53.3585 -25 -25 53.3585 100 99.99999 53.3585 25 25 53.3585 -100 0 53.3585 -75 0 53.3585 25 -74.99999 53.3585 0 25 53.3585 0 -99.99999 53.3585 25 25 53.3585 100 99.99999 53.3585 -25 -25 53.3585 -100 -99.99999 53.3585 -75 -74.99999 53.3585 100 99.99999 53.3585 75 74.99999 53.3585 -100 0 53.3585 -25 0 53.3585 75 -25 53.3585 0 74.99999 53.3585 0 49.99999 53.3585 25 49.99999 53.3585 75 25 53.3585 50 74.99999 53.3585 50 -49.99999 53.3585 25 -49.99999 53.3585 75 -74.99999 53.3585 50 -25 53.3585 50 -49.99999 53.3585 -75 -49.99999 53.3585 -25 -74.99999 53.3585 -50 -25 53.3585 -50 49.99999 53.3585 -75 49.99999 53.3585 -25 25 53.3585 -50 74.99999 53.3585 -50 74.99999 53.3585 -25 25 53.3585 -25 25 53.3585 -75 -25 53.3585 -25 -74.99999 53.3585 -25 -74.99999 53.3585 -75 -25 53.3585 75 -74.99999 53.3585 75 -74.99999 53.3585 25 74.99999 53.3585 75 25 53.3585 75 25 53.3585 25 74.99999 53.3585 25 -25 53.3585 25 -25 53.3585 -75 74.99999 53.3585 -75</float_array>
          <technique_common>
            <accessor source="#Plane_006-mesh-positions-array" count="162" stride="3">
              <param name="X" type="float"/>
              <param name="Y" type="float"/>
              <param name="Z" type="float"/>
            </accessor>
          </technique_common>
        </source>
        <source id="Plane_006-mesh-normals">
          <float_array id="Plane_006-mesh-normals-array" count="18">0 1 0 0 -1 0 -1 0 0 0 0 1 1 0 0 0 0 -1</float_array>
          <technique_common>
            <accessor source="#Plane_006-mesh-normals-array" count="6" stride="3">
              <param name="X" type="float"/>
              <param name="Y" type="float"/>
              <param name="Z" type="float"/>
            </accessor>
          </technique_common>
        </source>
        <source id="Plane_006-mesh-map-0">
          <float_array id="Plane_006-mesh-map-0-array" count="1920">0.7924554 0.8147603 0.7234176 0.9225739 0.7234176 0.8147603 0.516304 0.8147603 0.4472661 0.9225739 0.4472661 0.8147603 0.516304 0.3835058 0.4472661 0.4913194 0.4472661 0.3835058 0.7924554 0.3835058 0.7234176 0.4913194 0.7234176 0.3835058 0.6543797 0.3835058 0.5853418 0.4913194 0.5853418 0.3835058 0.6543797 0.1678785 0.5853418 0.2756921 0.5853418 0.1678785 0.7924554 0.1678785 0.7234176 0.2756921 0.7234176 0.1678785 0.3782283 0.3835058 0.3091904 0.4913194 0.3091904 0.3835058 0.3782283 0.1678785 0.3091904 0.2756921 0.3091904 0.1678785 0.516304 0.1678785 0.4472661 0.2756921 0.4472661 0.1678785 0.3782283 0.8147603 0.3091904 0.9225739 0.3091904 0.8147603 0.3782283 0.599133 0.3091904 0.7069466 0.3091904 0.599133 0.516304 0.599133 0.4472661 0.7069466 0.4472661 0.599133 0.6543797 0.8147603 0.5853418 0.9225739 0.5853418 0.8147603 0.6543797 0.599133 0.5853418 0.7069466 0.5853418 0.599133 0.7924554 0.599133 0.7234176 0.7069466 0.7234176 0.599133 0.7234176 0.599133 0.6543797 0.7069466 0.6543797 0.599133 0.7234176 0.4913194 0.6543797 0.599133 0.6543797 0.4913194 0.7924554 0.4913194 0.7234176 0.599133 0.7234176 0.4913194 0.5853418 0.599133 0.516304 0.7069466 0.516304 0.599133 0.5853418 0.4913194 0.516304 0.599133 0.516304 0.4913194 0.6543797 0.4913194 0.5853418 0.599133 0.5853418 0.4913194 0.5853418 0.8147603 0.516304 0.9225739 0.516304 0.8147603 0.5853418 0.7069466 0.516304 0.8147603 0.516304 0.7069466 0.6543797 0.7069466 0.5853418 0.8147603 0.5853418 0.7069466 0.4472661 0.599133 0.3782283 0.7069466 0.3782283 0.599133 0.4472661 0.4913194 0.3782283 0.599133 0.3782283 0.4913194 0.516304 0.4913194 0.4472661 0.599133 0.4472661 0.4913194 0.3091904 0.599133 0.2401525 0.7069466 0.2401525 0.599133 0.3091904 0.4913194 0.2401525 0.599133 0.2401525 0.4913194 0.3782283 0.4913194 0.3091904 0.599133 0.3091904 0.4913194 0.3091904 0.8147603 0.2401525 0.9225739 0.2401525 0.8147603 0.3091904 0.7069466 0.2401525 0.8147603 0.2401525 0.7069466 0.3782283 0.7069466 0.3091904 0.8147603 0.3091904 0.7069466 0.4472661 0.1678785 0.3782283 0.2756921 0.3782283 0.1678785 0.4472661 0.06006491 0.3782283 0.1678785 0.3782283 0.06006491 0.516304 0.06006491 0.4472661 0.1678785 0.4472661 0.06006491 0.3091904 0.1678785 0.2401525 0.2756921 0.2401525 0.1678785 0.3091904 0.06006491 0.2401525 0.1678785 0.2401525 0.06006491 0.3782283 0.06006491 0.3091904 0.1678785 0.3091904 0.06006491 0.3091904 0.3835058 0.2401525 0.4913194 0.2401525 0.3835058 0.3091904 0.2756921 0.2401525 0.3835058 0.2401525 0.2756921 0.3782283 0.2756921 0.3091904 0.3835058 0.3091904 0.2756921 0.7234176 0.1678785 0.6543797 0.2756921 0.6543797 0.1678785 0.7234176 0.06006491 0.6543797 0.1678785 0.6543797 0.06006491 0.7924554 0.06006491 0.7234176 0.1678785 0.7234176 0.06006491 0.5853418 0.1678785 0.516304 0.2756921 0.516304 0.1678785 0.5853418 0.06006491 0.516304 0.1678785 0.516304 0.06006491 0.6543797 0.06006491 0.5853418 0.1678785 0.5853418 0.06006491 0.5853418 0.3835058 0.516304 0.4913194 0.516304 0.3835058 0.5853418 0.2756921 0.516304 0.3835058 0.516304 0.2756921 0.6543797 0.2756921 0.5853418 0.3835058 0.5853418 0.2756921 0.7234176 0.3835058 0.6543797 0.4913194 0.6543797 0.3835058 0.7234176 0.2756921 0.6543797 0.3835058 0.6543797 0.2756921 0.7924554 0.2756921 0.7234176 0.3835058 0.7234176 0.2756921 0.4472661 0.3835058 0.3782283 0.4913194 0.3782283 0.3835058 0.4472661 0.2756921 0.3782283 0.3835058 0.3782283 0.2756921 0.516304 0.2756921 0.4472661 0.3835058 0.4472661 0.2756921 0.4472661 0.8147603 0.3782283 0.9225739 0.3782283 0.8147603 0.4472661 0.7069466 0.3782283 0.8147603 0.3782283 0.7069466 0.516304 0.7069466 0.4472661 0.8147603 0.4472661 0.7069466 0.7234176 0.8147603 0.6543797 0.9225739 0.6543797 0.8147603 0.7234176 0.7069466 0.6543797 0.8147603 0.6543797 0.7069466 0.7924554 0.7069466 0.7234176 0.8147603 0.7234176 0.7069466 0.7234176 0.9225739 0.7924554 0.8147603 0.7234176 0.8147603 0.4472661 0.9225739 0.516304 0.8147603 0.4472661 0.8147603 0.4472661 0.4913194 0.516304 0.3835058 0.4472661 0.3835058 0.7234176 0.4913194 0.7924554 0.3835058 0.7234176 0.3835058 0.5853418 0.4913194 0.6543797 0.3835058 0.5853418 0.3835058 0.5853418 0.2756921 0.6543797 0.1678785 0.5853418 0.1678785 0.7234176 0.2756921 0.7924554 0.1678785 0.7234176 0.1678785 0.3091904 0.4913194 0.3782283 0.3835058 0.3091904 0.3835058 0.3091904 0.2756921 0.3782283 0.1678785 0.3091904 0.1678785 0.4472661 0.2756921 0.516304 0.1678785 0.4472661 0.1678785 0.3091904 0.9225739 0.3782283 0.8147603 0.3091904 0.8147603 0.3091904 0.7069466 0.3782283 0.599133 0.3091904 0.599133 0.4472661 0.7069466 0.516304 0.599133 0.4472661 0.599133 0.5853418 0.9225739 0.6543797 0.8147603 0.5853418 0.8147603 0.5853418 0.7069466 0.6543797 0.599133 0.5853418 0.599133 0.7234176 0.7069466 0.7924554 0.599133 0.7234176 0.599133 0.6543797 0.7069466 0.7234176 0.599133 0.6543797 0.599133 0.6543797 0.599133 0.7234176 0.4913194 0.6543797 0.4913194 0.7234176 0.599133 0.7924554 0.4913194 0.7234176 0.4913194 0.516304 0.7069466 0.5853418 0.599133 0.516304 0.599133 0.516304 0.599133 0.5853418 0.4913194 0.516304 0.4913194 0.5853418 0.599133 0.6543797 0.4913194 0.5853418 0.4913194 0.516304 0.9225739 0.5853418 0.8147603 0.516304 0.8147603 0.516304 0.8147603 0.5853418 0.7069466 0.516304 0.7069466 0.5853418 0.8147603 0.6543797 0.7069466 0.5853418 0.7069466 0.3782283 0.7069466 0.4472661 0.599133 0.3782283 0.599133 0.3782283 0.599133 0.4472661 0.4913194 0.3782283 0.4913194 0.4472661 0.599133 0.516304 0.4913194 0.4472661 0.4913194 0.2401525 0.7069466 0.3091904 0.599133 0.2401525 0.599133 0.2401525 0.599133 0.3091904 0.4913194 0.2401525 0.4913194 0.3091904 0.599133 0.3782283 0.4913194 0.3091904 0.4913194 0.2401525 0.9225739 0.3091904 0.8147603 0.2401525 0.8147603 0.2401525 0.8147603 0.3091904 0.7069466 0.2401525 0.7069466 0.3091904 0.8147603 0.3782283 0.7069466 0.3091904 0.7069466 0.3782283 0.2756921 0.4472661 0.1678785 0.3782283 0.1678785 0.3782283 0.1678785 0.4472661 0.06006491 0.3782283 0.06006491 0.4472661 0.1678785 0.516304 0.06006491 0.4472661 0.06006491 0.2401525 0.2756921 0.3091904 0.1678785 0.2401525 0.1678785 0.2401525 0.1678785 0.3091904 0.06006491 0.2401525 0.06006491 0.3091904 0.1678785 0.3782283 0.06006491 0.3091904 0.06006491 0.2401525 0.4913194 0.3091904 0.3835058 0.2401525 0.3835058 0.2401525 0.3835058 0.3091904 0.2756921 0.2401525 0.2756921 0.3091904 0.3835058 0.3782283 0.2756921 0.3091904 0.2756921 0.6543797 0.2756921 0.7234176 0.1678785 0.6543797 0.1678785 0.6543797 0.1678785 0.7234176 0.06006491 0.6543797 0.06006491 0.7234176 0.1678785 0.7924554 0.06006491 0.7234176 0.06006491 0.516304 0.2756921 0.5853418 0.1678785 0.516304 0.1678785 0.516304 0.1678785 0.5853418 0.06006491 0.516304 0.06006491 0.5853418 0.1678785 0.6543797 0.06006491 0.5853418 0.06006491 0.516304 0.4913194 0.5853418 0.3835058 0.516304 0.3835058 0.516304 0.3835058 0.5853418 0.2756921 0.516304 0.2756921 0.5853418 0.3835058 0.6543797 0.2756921 0.5853418 0.2756921 0.6543797 0.4913194 0.7234176 0.3835058 0.6543797 0.3835058 0.6543797 0.3835058 0.7234176 0.2756921 0.6543797 0.2756921 0.7234176 0.3835058 0.7924554 0.2756921 0.7234176 0.2756921 0.3782283 0.4913194 0.4472661 0.3835058 0.3782283 0.3835058 0.3782283 0.3835058 0.4472661 0.2756921 0.3782283 0.2756921 0.4472661 0.3835058 0.516304 0.2756921 0.4472661 0.2756921 0.3782283 0.9225739 0.4472661 0.8147603 0.3782283 0.8147603 0.3782283 0.8147603 0.4472661 0.7069466 0.3782283 0.7069466 0.4472661 0.8147603 0.516304 0.7069466 0.4472661 0.7069466 0.6543797 0.9225739 0.7234176 0.8147603 0.6543797 0.8147603 0.6543797 0.8147603 0.7234176 0.7069466 0.6543797 0.7069466 0.7234176 0.8147603 0.7924554 0.7069466 0.7234176 0.7069466 0.2401525 0.1678785 0.2401525 0.06006491 0.2401525 0.06006491 0.7234176 0.06006491 0.7924554 0.06006491 0.7924554 0.06006491 0.7924554 0.8147603 0.7924554 0.9225739 0.7924554 0.9225739 0.3091904 0.9225739 0.2401525 0.9225739 0.2401525 0.9225739 0.2401525 0.599133 0.2401525 0.4913194 0.2401525 0.4913194 0.4472661 0.06006491 0.516304 0.06006491 0.516304 0.06006491 0.7924554 0.3835058 0.7924554 0.4913194 0.7924554 0.4913194 0.5853418 0.9225739 0.516304 0.9225739 0.516304 0.9225739 0.2401525 0.3835058 0.2401525 0.2756921 0.2401525 0.2756921 0.5853418 0.06006491 0.6543797 0.06006491 0.6543797 0.06006491 0.7924554 0.599133 0.7924554 0.7069466 0.7924554 0.7069466 0.4472661 0.9225739 0.3782283 0.9225739 0.3782283 0.9225739 0.2401525 0.8147603 0.2401525 0.7069466 0.2401525 0.7069466 0.3091904 0.06006491 0.3782283 0.06006491 0.3782283 0.06006491 0.7924554 0.1678785 0.7924554 0.2756921 0.7924554 0.2756921 0.7234176 0.9225739 0.6543797 0.9225739 0.6543797 0.9225739 0.2401525 0.2756921 0.2401525 0.1678785 0.2401525 0.1678785 0.6543797 0.06006491 0.7234176 0.06006491 0.7234176 0.06006491 0.7924554 0.7069466 0.7924554 0.8147603 0.7924554 0.8147603 0.3782283 0.9225739 0.3091904 0.9225739 0.3091904 0.9225739 0.2401525 0.7069466 0.2401525 0.599133 0.2401525 0.599133 0.3782283 0.06006491 0.4472661 0.06006491 0.4472661 0.06006491 0.7924554 0.2756921 0.7924554 0.3835058 0.7924554 0.3835058 0.6543797 0.9225739 0.5853418 0.9225739 0.5853418 0.9225739 0.2401525 0.4913194 0.2401525 0.3835058 0.2401525 0.3835058 0.516304 0.06006491 0.5853418 0.06006491 0.5853418 0.06006491 0.7924554 0.4913194 0.7924554 0.599133 0.7924554 0.599133 0.516304 0.9225739 0.4472661 0.9225739 0.4472661 0.9225739 0.2401525 0.9225739 0.2401525 0.8147603 0.2401525 0.8147603 0.2401525 0.06006491 0.3091904 0.06006491 0.3091904 0.06006491 0.7924554 0.06006491 0.7924554 0.1678785 0.7924554 0.1678785 0.7924554 0.9225739 0.7234176 0.9225739 0.7234176 0.9225739 0.7924554 0.8147603 0.7924554 0.9225739 0.7234176 0.9225739 0.516304 0.8147603 0.516304 0.9225739 0.4472661 0.9225739 0.516304 0.3835058 0.516304 0.4913194 0.4472661 0.4913194 0.7924554 0.3835058 0.7924554 0.4913194 0.7234176 0.4913194 0.6543797 0.3835058 0.6543797 0.4913194 0.5853418 0.4913194 0.6543797 0.1678785 0.6543797 0.2756921 0.5853418 0.2756921 0.7924554 0.1678785 0.7924554 0.2756921 0.7234176 0.2756921 0.3782283 0.3835058 0.3782283 0.4913194 0.3091904 0.4913194 0.3782283 0.1678785 0.3782283 0.2756921 0.3091904 0.2756921 0.516304 0.1678785 0.516304 0.2756921 0.4472661 0.2756921 0.3782283 0.8147603 0.3782283 0.9225739 0.3091904 0.9225739 0.3782283 0.599133 0.3782283 0.7069466 0.3091904 0.7069466 0.516304 0.599133 0.516304 0.7069466 0.4472661 0.7069466 0.6543797 0.8147603 0.6543797 0.9225739 0.5853418 0.9225739 0.6543797 0.599133 0.6543797 0.7069466 0.5853418 0.7069466 0.7924554 0.599133 0.7924554 0.7069466 0.7234176 0.7069466 0.7234176 0.599133 0.7234176 0.7069466 0.6543797 0.7069466 0.7234176 0.4913194 0.7234176 0.599133 0.6543797 0.599133 0.7924554 0.4913194 0.7924554 0.599133 0.7234176 0.599133 0.5853418 0.599133 0.5853418 0.7069466 0.516304 0.7069466 0.5853418 0.4913194 0.5853418 0.599133 0.516304 0.599133 0.6543797 0.4913194 0.6543797 0.599133 0.5853418 0.599133 0.5853418 0.8147603 0.5853418 0.9225739 0.516304 0.9225739 0.5853418 0.7069466 0.5853418 0.8147603 0.516304 0.8147603 0.6543797 0.7069466 0.6543797 0.8147603 0.5853418 0.8147603 0.4472661 0.599133 0.4472661 0.7069466 0.3782283 0.7069466 0.4472661 0.4913194 0.4472661 0.599133 0.3782283 0.599133 0.516304 0.4913194 0.516304 0.599133 0.4472661 0.599133 0.3091904 0.599133 0.3091904 0.7069466 0.2401525 0.7069466 0.3091904 0.4913194 0.3091904 0.599133 0.2401525 0.599133 0.3782283 0.4913194 0.3782283 0.599133 0.3091904 0.599133 0.3091904 0.8147603 0.3091904 0.9225739 0.2401525 0.9225739 0.3091904 0.7069466 0.3091904 0.8147603 0.2401525 0.8147603 0.3782283 0.7069466 0.3782283 0.8147603 0.3091904 0.8147603 0.4472661 0.1678785 0.4472661 0.2756921 0.3782283 0.2756921 0.4472661 0.06006491 0.4472661 0.1678785 0.3782283 0.1678785 0.516304 0.06006491 0.516304 0.1678785 0.4472661 0.1678785 0.3091904 0.1678785 0.3091904 0.2756921 0.2401525 0.2756921 0.3091904 0.06006491 0.3091904 0.1678785 0.2401525 0.1678785 0.3782283 0.06006491 0.3782283 0.1678785 0.3091904 0.1678785 0.3091904 0.3835058 0.3091904 0.4913194 0.2401525 0.4913194 0.3091904 0.2756921 0.3091904 0.3835058 0.2401525 0.3835058 0.3782283 0.2756921 0.3782283 0.3835058 0.3091904 0.3835058 0.7234176 0.1678785 0.7234176 0.2756921 0.6543797 0.2756921 0.7234176 0.06006491 0.7234176 0.1678785 0.6543797 0.1678785 0.7924554 0.06006491 0.7924554 0.1678785 0.7234176 0.1678785 0.5853418 0.1678785 0.5853418 0.2756921 0.516304 0.2756921 0.5853418 0.06006491 0.5853418 0.1678785 0.516304 0.1678785 0.6543797 0.06006491 0.6543797 0.1678785 0.5853418 0.1678785 0.5853418 0.3835058 0.5853418 0.4913194 0.516304 0.4913194 0.5853418 0.2756921 0.5853418 0.3835058 0.516304 0.3835058 0.6543797 0.2756921 0.6543797 0.3835058 0.5853418 0.3835058 0.7234176 0.3835058 0.7234176 0.4913194 0.6543797 0.4913194 0.7234176 0.2756921 0.7234176 0.3835058 0.6543797 0.3835058 0.7924554 0.2756921 0.7924554 0.3835058 0.7234176 0.3835058 0.4472661 0.3835058 0.4472661 0.4913194 0.3782283 0.4913194 0.4472661 0.2756921 0.4472661 0.3835058 0.3782283 0.3835058 0.516304 0.2756921 0.516304 0.3835058 0.4472661 0.3835058 0.4472661 0.8147603 0.4472661 0.9225739 0.3782283 0.9225739 0.4472661 0.7069466 0.4472661 0.8147603 0.3782283 0.8147603 0.516304 0.7069466 0.516304 0.8147603 0.4472661 0.8147603 0.7234176 0.8147603 0.7234176 0.9225739 0.6543797 0.9225739 0.7234176 0.7069466 0.7234176 0.8147603 0.6543797 0.8147603 0.7924554 0.7069466 0.7924554 0.8147603 0.7234176 0.8147603 0.7234176 0.9225739 0.7924554 0.9225739 0.7924554 0.8147603 0.4472661 0.9225739 0.516304 0.9225739 0.516304 0.8147603 0.4472661 0.4913194 0.516304 0.4913194 0.516304 0.3835058 0.7234176 0.4913194 0.7924554 0.4913194 0.7924554 0.3835058 0.5853418 0.4913194 0.6543797 0.4913194 0.6543797 0.3835058 0.5853418 0.2756921 0.6543797 0.2756921 0.6543797 0.1678785 0.7234176 0.2756921 0.7924554 0.2756921 0.7924554 0.1678785 0.3091904 0.4913194 0.3782283 0.4913194 0.3782283 0.3835058 0.3091904 0.2756921 0.3782283 0.2756921 0.3782283 0.1678785 0.4472661 0.2756921 0.516304 0.2756921 0.516304 0.1678785 0.3091904 0.9225739 0.3782283 0.9225739 0.3782283 0.8147603 0.3091904 0.7069466 0.3782283 0.7069466 0.3782283 0.599133 0.4472661 0.7069466 0.516304 0.7069466 0.516304 0.599133 0.5853418 0.9225739 0.6543797 0.9225739 0.6543797 0.8147603 0.5853418 0.7069466 0.6543797 0.7069466 0.6543797 0.599133 0.7234176 0.7069466 0.7924554 0.7069466 0.7924554 0.599133 0.6543797 0.7069466 0.7234176 0.7069466 0.7234176 0.599133 0.6543797 0.599133 0.7234176 0.599133 0.7234176 0.4913194 0.7234176 0.599133 0.7924554 0.599133 0.7924554 0.4913194 0.516304 0.7069466 0.5853418 0.7069466 0.5853418 0.599133 0.516304 0.599133 0.5853418 0.599133 0.5853418 0.4913194 0.5853418 0.599133 0.6543797 0.599133 0.6543797 0.4913194 0.516304 0.9225739 0.5853418 0.9225739 0.5853418 0.8147603 0.516304 0.8147603 0.5853418 0.8147603 0.5853418 0.7069466 0.5853418 0.8147603 0.6543797 0.8147603 0.6543797 0.7069466 0.3782283 0.7069466 0.4472661 0.7069466 0.4472661 0.599133 0.3782283 0.599133 0.4472661 0.599133 0.4472661 0.4913194 0.4472661 0.599133 0.516304 0.599133 0.516304 0.4913194 0.2401525 0.7069466 0.3091904 0.7069466 0.3091904 0.599133 0.2401525 0.599133 0.3091904 0.599133 0.3091904 0.4913194 0.3091904 0.599133 0.3782283 0.599133 0.3782283 0.4913194 0.2401525 0.9225739 0.3091904 0.9225739 0.3091904 0.8147603 0.2401525 0.8147603 0.3091904 0.8147603 0.3091904 0.7069466 0.3091904 0.8147603 0.3782283 0.8147603 0.3782283 0.7069466 0.3782283 0.2756921 0.4472661 0.2756921 0.4472661 0.1678785 0.3782283 0.1678785 0.4472661 0.1678785 0.4472661 0.06006491 0.4472661 0.1678785 0.516304 0.1678785 0.516304 0.06006491 0.2401525 0.2756921 0.3091904 0.2756921 0.3091904 0.1678785 0.2401525 0.1678785 0.3091904 0.1678785 0.3091904 0.06006491 0.3091904 0.1678785 0.3782283 0.1678785 0.3782283 0.06006491 0.2401525 0.4913194 0.3091904 0.4913194 0.3091904 0.3835058 0.2401525 0.3835058 0.3091904 0.3835058 0.3091904 0.2756921 0.3091904 0.3835058 0.3782283 0.3835058 0.3782283 0.2756921 0.6543797 0.2756921 0.7234176 0.2756921 0.7234176 0.1678785 0.6543797 0.1678785 0.7234176 0.1678785 0.7234176 0.06006491 0.7234176 0.1678785 0.7924554 0.1678785 0.7924554 0.06006491 0.516304 0.2756921 0.5853418 0.2756921 0.5853418 0.1678785 0.516304 0.1678785 0.5853418 0.1678785 0.5853418 0.06006491 0.5853418 0.1678785 0.6543797 0.1678785 0.6543797 0.06006491 0.516304 0.4913194 0.5853418 0.4913194 0.5853418 0.3835058 0.516304 0.3835058 0.5853418 0.3835058 0.5853418 0.2756921 0.5853418 0.3835058 0.6543797 0.3835058 0.6543797 0.2756921 0.6543797 0.4913194 0.7234176 0.4913194 0.7234176 0.3835058 0.6543797 0.3835058 0.7234176 0.3835058 0.7234176 0.2756921 0.7234176 0.3835058 0.7924554 0.3835058 0.7924554 0.2756921 0.3782283 0.4913194 0.4472661 0.4913194 0.4472661 0.3835058 0.3782283 0.3835058 0.4472661 0.3835058 0.4472661 0.2756921 0.4472661 0.3835058 0.516304 0.3835058 0.516304 0.2756921 0.3782283 0.9225739 0.4472661 0.9225739 0.4472661 0.8147603 0.3782283 0.8147603 0.4472661 0.8147603 0.4472661 0.7069466 0.4472661 0.8147603 0.516304 0.8147603 0.516304 0.7069466 0.6543797 0.9225739 0.7234176 0.9225739 0.7234176 0.8147603 0.6543797 0.8147603 0.7234176 0.8147603 0.7234176 0.7069466 0.7234176 0.8147603 0.7924554 0.8147603 0.7924554 0.7069466 0.2401525 0.1678785 0.2401525 0.1678785 0.2401525 0.06006491 0.7234176 0.06006491 0.7234176 0.06006491 0.7924554 0.06006491 0.7924554 0.8147603 0.7924554 0.8147603 0.7924554 0.9225739 0.3091904 0.9225739 0.3091904 0.9225739 0.2401525 0.9225739 0.2401525 0.599133 0.2401525 0.599133 0.2401525 0.4913194 0.4472661 0.06006491 0.4472661 0.06006491 0.516304 0.06006491 0.7924554 0.3835058 0.7924554 0.3835058 0.7924554 0.4913194 0.5853418 0.9225739 0.5853418 0.9225739 0.516304 0.9225739 0.2401525 0.3835058 0.2401525 0.3835058 0.2401525 0.2756921 0.5853418 0.06006491 0.5853418 0.06006491 0.6543797 0.06006491 0.7924554 0.599133 0.7924554 0.599133 0.7924554 0.7069466 0.4472661 0.9225739 0.4472661 0.9225739 0.3782283 0.9225739 0.2401525 0.8147603 0.2401525 0.8147603 0.2401525 0.7069466 0.3091904 0.06006491 0.3091904 0.06006491 0.3782283 0.06006491 0.7924554 0.1678785 0.7924554 0.1678785 0.7924554 0.2756921 0.7234176 0.9225739 0.7234176 0.9225739 0.6543797 0.9225739 0.2401525 0.2756921 0.2401525 0.2756921 0.2401525 0.1678785 0.6543797 0.06006491 0.6543797 0.06006491 0.7234176 0.06006491 0.7924554 0.7069466 0.7924554 0.7069466 0.7924554 0.8147603 0.3782283 0.9225739 0.3782283 0.9225739 0.3091904 0.9225739 0.2401525 0.7069466 0.2401525 0.7069466 0.2401525 0.599133 0.3782283 0.06006491 0.3782283 0.06006491 0.4472661 0.06006491 0.7924554 0.2756921 0.7924554 0.2756921 0.7924554 0.3835058 0.6543797 0.9225739 0.6543797 0.9225739 0.5853418 0.9225739 0.2401525 0.4913194 0.2401525 0.4913194 0.2401525 0.3835058 0.516304 0.06006491 0.516304 0.06006491 0.5853418 0.06006491 0.7924554 0.4913194 0.7924554 0.4913194 0.7924554 0.599133 0.516304 0.9225739 0.516304 0.9225739 0.4472661 0.9225739 0.2401525 0.9225739 0.2401525 0.9225739 0.2401525 0.8147603 0.2401525 0.06006491 0.2401525 0.06006491 0.3091904 0.06006491 0.7924554 0.06006491 0.7924554 0.06006491 0.7924554 0.1678785 0.7924554 0.9225739 0.7924554 0.9225739 0.7234176 0.9225739</float_array>
          <technique_common>
            <accessor source="#Plane_006-mesh-map-0-array" count="960" stride="2">
              <param name="S" type="float"/>
              <param name="T" type="float"/>
            </accessor>
          </technique_common>
        </source>
        <vertices id="Plane_006-mesh-vertices">
          <input semantic="POSITION" source="#Plane_006-mesh-positions"/>
        </vertices>
        <triangles material="Material_007-material" count="320">
          <input semantic="VERTEX" source="#Plane_006-mesh-vertices" offset="0"/>
          <input semantic="NORMAL" source="#Plane_006-mesh-normals" offset="1"/>
          <input semantic="TEXCOORD" source="#Plane_006-mesh-map-0" offset="2" set="0"/>
          <p>27 0 0 44 0 1 80 0 2 33 0 3 40 0 4 79 0 5 34 0 6 47 0 7 78 0 8 31 0 9 48 0 10 77 0 11 49 0 12 36 0 13 76 0 14 50 0 15 51 0 16 75 0 17 43 0 18 52 0 19 74 0 20 53 0 21 35 0 22 73 0 23 54 0 24 55 0 25 72 0 26 46 0 27 56 0 28 71 0 29 57 0 30 28 0 31 70 0 32 58 0 33 59 0 34 69 0 35 45 0 36 60 0 37 68 0 38 61 0 39 32 0 40 67 0 41 62 0 42 63 0 43 66 0 44 39 0 45 64 0 46 65 0 47 65 0 48 24 0 49 62 0 50 48 0 51 62 0 52 20 0 53 6 0 54 65 0 55 48 0 56 66 0 57 17 0 58 45 0 59 36 0 60 45 0 61 8 0 62 20 0 63 66 0 64 36 0 65 67 0 66 7 0 67 33 0 68 63 0 69 33 0 70 17 0 71 24 0 72 67 0 73 63 0 74 68 0 75 23 0 76 58 0 77 47 0 78 58 0 79 19 0 80 8 0 81 68 0 82 47 0 83 69 0 84 13 0 85 29 0 86 35 0 87 29 0 88 4 0 89 19 0 90 69 0 91 35 0 92 70 0 93 2 0 94 41 0 95 59 0 96 41 0 97 13 0 98 23 0 99 70 0 100 59 0 101 71 0 102 22 0 103 54 0 104 30 0 105 54 0 106 14 0 107 5 0 108 71 0 109 30 0 110 72 0 111 9 0 112 25 0 113 42 0 114 25 0 115 0 0 116 14 0 117 72 0 118 42 0 119 73 0 120 4 0 121 37 0 122 55 0 123 37 0 124 9 0 125 22 0 126 73 0 127 55 0 128 74 0 129 21 0 130 50 0 131 26 0 132 50 0 133 10 0 134 1 0 135 74 0 136 26 0 137 75 0 138 18 0 139 46 0 140 38 0 141 46 0 142 5 0 143 10 0 144 75 0 145 38 0 146 76 0 147 8 0 148 34 0 149 51 0 150 34 0 151 18 0 152 21 0 153 76 0 154 51 0 155 77 0 156 20 0 157 49 0 158 52 0 159 49 0 160 21 0 161 15 0 162 77 0 163 52 0 164 78 0 165 19 0 166 53 0 167 56 0 168 53 0 169 22 0 170 18 0 171 78 0 172 56 0 173 79 0 174 12 0 175 57 0 176 60 0 177 57 0 178 23 0 179 17 0 180 79 0 181 60 0 182 80 0 183 16 0 184 61 0 185 64 0 186 61 0 187 24 0 188 11 0 189 80 0 190 64 0 191 125 1 192 108 1 193 161 1 194 121 1 195 114 1 196 160 1 197 128 1 198 115 1 199 159 1 200 129 1 201 112 1 202 158 1 203 117 1 204 130 1 205 157 1 206 132 1 207 131 1 208 156 1 209 133 1 210 124 1 211 155 1 212 116 1 213 134 1 214 154 1 215 136 1 216 135 1 217 153 1 218 137 1 219 127 1 220 152 1 221 109 1 222 138 1 223 151 1 224 140 1 225 139 1 226 150 1 227 141 1 228 126 1 229 149 1 230 113 1 231 142 1 232 148 1 233 144 1 234 143 1 235 147 1 236 145 1 237 120 1 238 146 1 239 105 1 240 146 1 241 143 1 242 143 1 243 129 1 244 101 1 245 146 1 246 87 1 247 129 1 248 98 1 249 147 1 250 126 1 251 126 1 252 117 1 253 89 1 254 147 1 255 101 1 256 117 1 257 88 1 258 148 1 259 114 1 260 114 1 261 144 1 262 98 1 263 148 1 264 105 1 265 144 1 266 104 1 267 149 1 268 139 1 269 139 1 270 128 1 271 100 1 272 149 1 273 89 1 274 128 1 275 94 1 276 150 1 277 110 1 278 110 1 279 116 1 280 85 1 281 150 1 282 100 1 283 116 1 284 83 1 285 151 1 286 122 1 287 122 1 288 140 1 289 94 1 290 151 1 291 104 1 292 140 1 293 103 1 294 152 1 295 135 1 296 135 1 297 111 1 298 95 1 299 152 1 300 86 1 301 111 1 302 90 1 303 153 1 304 106 1 305 106 1 306 123 1 307 81 1 308 153 1 309 95 1 310 123 1 311 85 1 312 154 1 313 118 1 314 118 1 315 136 1 316 90 1 317 154 1 318 103 1 319 136 1 320 102 1 321 155 1 322 131 1 323 131 1 324 107 1 325 91 1 326 155 1 327 82 1 328 107 1 329 99 1 330 156 1 331 127 1 332 127 1 333 119 1 334 86 1 335 156 1 336 91 1 337 119 1 338 89 1 339 157 1 340 115 1 341 115 1 342 132 1 343 99 1 344 157 1 345 102 1 346 132 1 347 101 1 348 158 1 349 130 1 350 130 1 351 133 1 352 102 1 353 158 1 354 96 1 355 133 1 356 100 1 357 159 1 358 134 1 359 134 1 360 137 1 361 103 1 362 159 1 363 99 1 364 137 1 365 93 1 366 160 1 367 138 1 368 138 1 369 141 1 370 104 1 371 160 1 372 98 1 373 141 1 374 97 1 375 161 1 376 142 1 377 142 1 378 145 1 379 105 1 380 161 1 381 92 1 382 145 1 383 25 2 384 81 2 385 0 2 386 26 3 387 82 3 388 1 3 389 27 4 390 84 4 391 3 4 392 28 5 393 83 5 394 2 5 395 29 2 396 85 2 397 4 2 398 30 3 399 86 3 400 5 3 401 31 4 402 87 4 403 6 4 404 32 5 405 88 5 406 7 5 407 37 2 408 90 2 409 9 2 410 38 3 411 91 3 412 10 3 413 39 4 414 92 4 415 11 4 416 40 5 417 93 5 418 12 5 419 41 2 420 94 2 421 13 2 422 42 3 423 95 3 424 14 3 425 43 4 426 96 4 427 15 4 428 44 5 429 97 5 430 16 5 431 9 2 432 106 2 433 25 2 434 10 3 435 107 3 436 26 3 437 11 4 438 108 4 439 27 4 440 12 5 441 109 5 442 28 5 443 13 2 444 110 2 445 29 2 446 14 3 447 111 3 448 30 3 449 15 4 450 112 4 451 31 4 452 16 5 453 113 5 454 32 5 455 4 2 456 118 2 457 37 2 458 5 3 459 119 3 460 38 3 461 6 4 462 120 4 463 39 4 464 7 5 465 121 5 466 40 5 467 2 2 468 122 2 469 41 2 470 0 3 471 123 3 472 42 3 473 1 4 474 124 4 475 43 4 476 3 5 477 125 5 478 44 5 479 27 0 480 3 0 481 44 0 482 33 0 483 7 0 484 40 0 485 34 0 486 8 0 487 47 0 488 31 0 489 6 0 490 48 0 491 49 0 492 20 0 493 36 0 494 50 0 495 21 0 496 51 0 497 43 0 498 15 0 499 52 0 500 53 0 501 19 0 502 35 0 503 54 0 504 22 0 505 55 0 506 46 0 507 18 0 508 56 0 509 57 0 510 12 0 511 28 0 512 58 0 513 23 0 514 59 0 515 45 0 516 17 0 517 60 0 518 61 0 519 16 0 520 32 0 521 62 0 522 24 0 523 63 0 524 39 0 525 11 0 526 64 0 527 65 0 528 64 0 529 24 0 530 48 0 531 65 0 532 62 0 533 6 0 534 39 0 535 65 0 536 66 0 537 63 0 538 17 0 539 36 0 540 66 0 541 45 0 542 20 0 543 62 0 544 66 0 545 67 0 546 32 0 547 7 0 548 63 0 549 67 0 550 33 0 551 24 0 552 61 0 553 67 0 554 68 0 555 60 0 556 23 0 557 47 0 558 68 0 559 58 0 560 8 0 561 45 0 562 68 0 563 69 0 564 59 0 565 13 0 566 35 0 567 69 0 568 29 0 569 19 0 570 58 0 571 69 0 572 70 0 573 28 0 574 2 0 575 59 0 576 70 0 577 41 0 578 23 0 579 57 0 580 70 0 581 71 0 582 56 0 583 22 0 584 30 0 585 71 0 586 54 0 587 5 0 588 46 0 589 71 0 590 72 0 591 55 0 592 9 0 593 42 0 594 72 0 595 25 0 596 14 0 597 54 0 598 72 0 599 73 0 600 35 0 601 4 0 602 55 0 603 73 0 604 37 0 605 22 0 606 53 0 607 73 0 608 74 0 609 52 0 610 21 0 611 26 0 612 74 0 613 50 0 614 1 0 615 43 0 616 74 0 617 75 0 618 51 0 619 18 0 620 38 0 621 75 0 622 46 0 623 10 0 624 50 0 625 75 0 626 76 0 627 36 0 628 8 0 629 51 0 630 76 0 631 34 0 632 21 0 633 49 0 634 76 0 635 77 0 636 48 0 637 20 0 638 52 0 639 77 0 640 49 0 641 15 0 642 31 0 643 77 0 644 78 0 645 47 0 646 19 0 647 56 0 648 78 0 649 53 0 650 18 0 651 34 0 652 78 0 653 79 0 654 40 0 655 12 0 656 60 0 657 79 0 658 57 0 659 17 0 660 33 0 661 79 0 662 80 0 663 44 0 664 16 0 665 64 0 666 80 0 667 61 0 668 11 0 669 27 0 670 80 0 671 125 1 672 84 1 673 108 1 674 121 1 675 88 1 676 114 1 677 128 1 678 89 1 679 115 1 680 129 1 681 87 1 682 112 1 683 117 1 684 101 1 685 130 1 686 132 1 687 102 1 688 131 1 689 133 1 690 96 1 691 124 1 692 116 1 693 100 1 694 134 1 695 136 1 696 103 1 697 135 1 698 137 1 699 99 1 700 127 1 701 109 1 702 93 1 703 138 1 704 140 1 705 104 1 706 139 1 707 141 1 708 98 1 709 126 1 710 113 1 711 97 1 712 142 1 713 144 1 714 105 1 715 143 1 716 145 1 717 92 1 718 120 1 719 105 1 720 145 1 721 146 1 722 143 1 723 146 1 724 129 1 725 146 1 726 120 1 727 87 1 728 98 1 729 144 1 730 147 1 731 126 1 732 147 1 733 117 1 734 147 1 735 143 1 736 101 1 737 88 1 738 113 1 739 148 1 740 114 1 741 148 1 742 144 1 743 148 1 744 142 1 745 105 1 746 104 1 747 141 1 748 149 1 749 139 1 750 149 1 751 128 1 752 149 1 753 126 1 754 89 1 755 94 1 756 140 1 757 150 1 758 110 1 759 150 1 760 116 1 761 150 1 762 139 1 763 100 1 764 83 1 765 109 1 766 151 1 767 122 1 768 151 1 769 140 1 770 151 1 771 138 1 772 104 1 773 103 1 774 137 1 775 152 1 776 135 1 777 152 1 778 111 1 779 152 1 780 127 1 781 86 1 782 90 1 783 136 1 784 153 1 785 106 1 786 153 1 787 123 1 788 153 1 789 135 1 790 95 1 791 85 1 792 116 1 793 154 1 794 118 1 795 154 1 796 136 1 797 154 1 798 134 1 799 103 1 800 102 1 801 133 1 802 155 1 803 131 1 804 155 1 805 107 1 806 155 1 807 124 1 808 82 1 809 99 1 810 132 1 811 156 1 812 127 1 813 156 1 814 119 1 815 156 1 816 131 1 817 91 1 818 89 1 819 117 1 820 157 1 821 115 1 822 157 1 823 132 1 824 157 1 825 130 1 826 102 1 827 101 1 828 129 1 829 158 1 830 130 1 831 158 1 832 133 1 833 158 1 834 112 1 835 96 1 836 100 1 837 128 1 838 159 1 839 134 1 840 159 1 841 137 1 842 159 1 843 115 1 844 99 1 845 93 1 846 121 1 847 160 1 848 138 1 849 160 1 850 141 1 851 160 1 852 114 1 853 98 1 854 97 1 855 125 1 856 161 1 857 142 1 858 161 1 859 145 1 860 161 1 861 108 1 862 92 1 863 25 2 864 106 2 865 81 2 866 26 3 867 107 3 868 82 3 869 27 4 870 108 4 871 84 4 872 28 5 873 109 5 874 83 5 875 29 2 876 110 2 877 85 2 878 30 3 879 111 3 880 86 3 881 31 4 882 112 4 883 87 4 884 32 5 885 113 5 886 88 5 887 37 2 888 118 2 889 90 2 890 38 3 891 119 3 892 91 3 893 39 4 894 120 4 895 92 4 896 40 5 897 121 5 898 93 5 899 41 2 900 122 2 901 94 2 902 42 3 903 123 3 904 95 3 905 43 4 906 124 4 907 96 4 908 44 5 909 125 5 910 97 5 911 9 2 912 90 2 913 106 2 914 10 3 915 91 3 916 107 3 917 11 4 918 92 4 919 108 4 920 12 5 921 93 5 922 109 5 923 13 2 924 94 2 925 110 2 926 14 3 927 95 3 928 111 3 929 15 4 930 96 4 931 112 4 932 16 5 933 97 5 934 113 5 935 4 2 936 85 2 937 118 2 938 5 3 939 86 3 940 119 3 941 6 4 942 87 4 943 120 4 944 7 5 945 88 5 946 121 5 947 2 2 948 83 2 949 122 2 950 0 3 951 81 3 952 123 3 953 1 4 954 82 4 955 124 4 956 3 5 957 84 5 958 125 5 959</p>
        </triangles>
      </mesh>
    </geometry>
    <geometry id="Plane_007-mesh" name="Plane.007">
      <mesh>
        <source id="Plane_007-mesh-positions">
          <float_array id="Plane_007-mesh-positions-array" count="1254">-119.147 7.563501 167.8874 -6.943721 7.563501 167.8874 -6.943721 20.10138 167.8874 -119.147 20.10138 167.8874 123.15 0 0.47535 128.8617 51.31056 0.47535 0.01193505 0 -179.241 0.01193505 51.31056 -184.9528 0.01193505 51.31056 0.47535 128.8617 56.90618 -161.9325 102.2034 56.90618 -184.9528 115.965 51.31056 -142.4279 84.96494 51.31056 -172.4279 106.9649 51.31056 -151.4279 94.96495 51.31056 -163.4279 102.2034 56.90618 -169.7191 109.99 56.90618 -161.9325 103.2466 56.90618 -165.8258 106.0967 56.90618 -162.9757 102.2034 51.31056 -184.9528 6.50339 51.31056 -6.016095 6.50339 51.31056 -178.4614 128.8617 51.31056 -161.9325 102.2034 51.31056 -169.7191 103.2466 51.31056 -165.8258 106.0967 51.31056 -162.9757 109.99 51.31056 -161.9325 0.01193505 51.31056 -178.4614 102.2034 54.81545 -184.9528 0.01193505 54.81545 -184.9528 128.8617 54.81545 0.47535 128.8617 54.81545 -161.9325 102.2034 54.81545 -169.7191 103.2466 54.81545 -165.8258 106.0967 54.81545 -162.9757 109.99 54.81545 -161.9325 6.50339 54.81545 -178.4614 0.01193505 54.81545 -178.4614 122.3703 54.81545 -6.016095 84.96494 54.81545 -172.4279 94.96495 54.81545 -163.4279 106.9649 54.81545 -151.4279 115.965 54.81545 -142.4279 122.3703 54.81545 0.47535 121.9794 51.31056 -131.7929 118.6875 51.31056 -139.7054 121.5331 51.31056 -134.5495 120.3282 51.31056 -137.4457 82.24239 51.31056 -175.1505 74.32994 51.31056 -178.43 79.98269 51.31056 -176.7895 77.08654 51.31056 -177.9899 74.32994 54.81545 -178.43 82.24239 54.81545 -175.1505 83.42739 54.81545 -179.6809 77.08654 54.81545 -177.9899 79.98269 54.81545 -176.7895 118.6875 54.81545 -139.7054 121.9794 54.81545 -131.7929 123.1749 54.81545 -140.9022 120.3282 54.81545 -137.4457 121.5331 54.81545 -134.5495 -0.0190773 0.005251169 180.1918 0.01193505 51.31056 185.9035 128.8617 56.90618 162.8832 102.2034 56.90618 185.9035 115.965 51.31056 143.3786 84.96494 51.31056 173.3786 106.9649 51.31056 152.3786 94.96495 51.31056 164.3786 102.2034 56.90618 170.6698 109.99 56.90618 162.8832 103.2466 56.90618 166.7765 106.0967 56.90618 163.9264 102.2034 51.31056 185.9035 6.50339 51.31056 6.966803 6.50339 51.31056 179.4121 128.8617 51.31056 162.8832 102.2034 51.31056 170.6698 103.2466 51.31056 166.7765 106.0967 51.31056 163.9264 109.99 51.31056 162.8832 0.01193505 51.31056 179.4121 102.2034 54.81545 185.9035 0.01193505 54.81545 185.9035 128.8617 54.81545 162.8832 102.2034 54.81545 170.6698 103.2466 54.81545 166.7765 106.0967 54.81545 163.9264 109.99 54.81545 162.8832 6.50339 54.81545 179.4121 0.01193505 54.81545 179.4121 122.3703 54.81545 6.966803 84.96494 54.81545 173.3786 94.96495 54.81545 164.3786 106.9649 54.81545 152.3786 115.965 54.81545 143.3786 121.9794 51.31056 132.7436 118.6875 51.31056 140.6561 121.5331 51.31056 135.5002 120.3282 51.31056 138.3964 82.24239 51.31056 176.1012 74.32994 51.31056 179.3808 79.98269 51.31056 177.7402 77.08654 51.31056 178.9406 74.32994 54.81545 179.3808 82.24239 54.81545 176.1012 83.42739 54.81545 180.6316 77.08654 54.81545 178.9406 79.98269 54.81545 177.7402 118.6875 54.81545 140.6561 121.9794 54.81545 132.7436 123.1749 54.81545 141.8529 120.3282 54.81545 138.3964 121.5331 54.81545 135.5002 11.40294 51.31056 163.0416 16.80412 51.31056 170.5608 18.07526 51.31056 179.4067 109.2242 51.31056 -6.032064 106.4539 51.31056 0.47535 103.6933 51.31056 6.966803 122.2715 54.81545 -37.80183 122.2715 51.31056 -37.8018 122.2847 51.31056 34.51623 122.2847 54.81545 34.51624 109.2145 51.31056 -6.016095 122.3703 51.31056 -6.016095 122.3703 51.31056 0.47535 122.2715 51.31056 -37.8018 122.3703 51.31056 6.966803 122.2847 51.31056 34.51623 122.3703 54.33013 -6.016095 122.3703 54.33013 0.47535 122.2715 54.33013 -37.8018 122.3703 54.33013 6.966803 122.2847 54.33013 34.51623 106.4539 54.33013 0.47535 103.6933 54.33013 6.966803 109.2145 54.33013 -6.016095 6.50339 51.31056 160.1821 18.07525 54.81545 179.4067 0.01193505 51.31056 159.6526 109.2242 54.33013 -6.032064 114.2689 51.31056 29.89918 109.9462 51.31056 26.84175 112.0485 51.31056 28.45398 106.9837 51.31056 24.30244 104.1241 51.31056 20.04969 105.3099 51.31056 22.3401 102.8057 51.31056 16.09448 102.638 51.31056 10.99985 102.4083 51.31056 13.55749 109.9462 54.33013 26.84175 114.2689 54.33013 29.89917 112.0485 54.33013 28.45398 104.1241 54.33013 20.04969 106.9837 54.33013 24.30244 105.3099 54.33013 22.3401 102.638 54.33013 10.99985 102.8057 54.33013 16.09448 102.4083 54.33013 13.55749 6.50339 54.2429 160.1821 6.50339 54.2429 179.4121 0.01193505 54.2429 159.6526 0.01193505 54.2429 179.4121 16.80412 54.2429 170.5608 11.40294 54.2429 163.0416 18.07526 54.2429 179.4067 121.3954 0 -179.241 123.15 0 -177.4865 122.5479 0 -178.9322 122.8411 0 -178.639 122.1473 51.31056 -184.9528 128.8617 51.31056 -178.2384 125.5045 51.31056 -184.0532 127.9622 51.31056 -181.5956 128.8617 56.90618 -178.2384 122.1473 56.90618 -184.9528 127.9622 56.90618 -181.5956 125.5045 56.90618 -184.0532 123.15 0 178.4372 121.3954 0 180.1918 122.8411 0 179.5897 122.5479 0 179.8829 128.8617 51.31056 179.1891 122.1473 51.31056 185.9035 127.9622 51.31056 182.5463 125.5045 51.31056 185.004 122.1473 56.90618 185.9035 128.8617 56.90618 179.1891 125.5045 56.90618 185.004 127.9622 56.90618 182.5463 -123.1261 0.002428889 0.4761884 -128.8378 51.31056 0.47535 -128.8378 56.90618 -161.9325 -102.1796 56.90618 -184.9528 -115.9411 51.31056 -142.4279 -84.94107 51.31056 -172.4279 -106.9411 51.31056 -151.4279 -94.94107 51.31056 -163.4279 -102.1796 56.90618 -169.7191 -109.9662 56.90618 -161.9325 -103.2228 56.90618 -165.8258 -106.0729 56.90618 -162.9757 -102.1796 51.31056 -184.9528 -6.479519 51.31056 -6.016095 -6.479519 51.31056 -178.4614 -128.8378 51.31056 -161.9325 -102.1796 51.31056 -169.7191 -103.2228 51.31056 -165.8258 -106.0729 51.31056 -162.9757 -109.9662 51.31056 -161.9325 -102.1796 54.81545 -184.9528 -128.8378 54.81545 0.47535 -128.8378 54.81545 -161.9325 -102.1796 54.81545 -169.7191 -103.2228 54.81545 -165.8258 -106.0729 54.81545 -162.9757 -109.9662 54.81545 -161.9325 -6.479519 54.81545 -178.4614 -122.3464 54.81545 -6.016095 -84.94107 54.81545 -172.4279 -94.94107 54.81545 -163.4279 -106.9411 54.81545 -151.4279 -115.9411 54.81545 -142.4279 -122.3464 54.81545 0.47535 -121.9555 51.31056 -131.7929 -118.6636 51.31056 -139.7054 -121.5092 51.31056 -134.5495 -120.3043 51.31056 -137.4457 -82.21852 51.31056 -175.1505 -74.30607 51.31056 -178.43 -79.95883 51.31056 -176.7895 -77.06267 51.31056 -177.9899 -74.30607 54.81545 -178.43 -82.21852 54.81545 -175.1505 -83.40352 54.81545 -179.6809 -77.06267 54.81545 -177.9899 -79.95883 54.81545 -176.7895 -118.6636 54.81545 -139.7054 -121.9555 54.81545 -131.7929 -123.151 54.81545 -140.9022 -120.3043 54.81545 -137.4457 -121.5092 54.81545 -134.5495 -128.8378 56.90618 162.8832 -102.1796 56.90618 185.9035 -115.9411 51.31056 143.3786 -84.94107 51.31056 173.3786 -106.9411 51.31056 152.3786 -94.94107 51.31056 164.3786 -102.1796 56.90618 170.6698 -109.9662 56.90618 162.8832 -103.2228 56.90618 166.7765 -106.0729 56.90618 163.9264 -102.1796 51.31056 185.9035 -6.479519 51.31056 6.966803 -6.479519 51.31056 179.4121 -128.8378 51.31056 162.8832 -102.1796 51.31056 170.6698 -103.2228 51.31056 166.7765 -106.0729 51.31056 163.9264 -109.9662 51.31056 162.8832 -102.1796 54.81545 185.9035 -128.8378 54.81545 162.8832 -102.1796 54.81545 170.6698 -103.2228 54.81545 166.7765 -106.0729 54.81545 163.9264 -109.9662 54.81545 162.8832 -6.479519 54.81545 179.4121 -122.3464 54.81545 6.966803 -84.94107 54.81545 173.3786 -94.94107 54.81545 164.3786 -106.9411 54.81545 152.3786 -115.9411 54.81545 143.3786 -121.9555 51.31056 132.7436 -118.6636 51.31056 140.6561 -121.5092 51.31056 135.5002 -120.3043 51.31056 138.3964 -82.21852 51.31056 176.1012 -74.30607 51.31056 179.3808 -79.95883 51.31056 177.7402 -77.06267 51.31056 178.9406 -74.30607 54.81545 179.3808 -82.21852 54.81545 176.1012 -83.40352 54.81545 180.6316 -77.06267 54.81545 178.9406 -79.95883 54.81545 177.7402 -118.6636 54.81545 140.6561 -121.9555 54.81545 132.7436 -123.151 54.81545 141.8529 -120.3043 54.81545 138.3964 -121.5092 54.81545 135.5002 -11.37907 51.31056 163.0416 -16.78025 51.31056 170.5608 -18.05138 51.31056 179.4067 -109.2003 51.31056 -6.032064 -106.43 51.31056 0.47535 -103.6695 51.31056 6.966803 -122.2476 54.81545 -37.80183 -122.2476 51.31056 -37.8018 -122.2608 51.31056 34.51623 -122.2608 54.81545 34.51624 -109.1906 51.31056 -6.016095 -122.3464 51.31056 -6.016095 -122.3464 51.31056 0.47535 -122.2476 51.31056 -37.8018 -122.3464 51.31056 6.966803 -122.2608 51.31056 34.51623 -122.3464 54.33013 -6.016095 -122.3464 54.33013 0.47535 -122.2476 54.33013 -37.8018 -122.3464 54.33013 6.966803 -122.2608 54.33013 34.51623 -106.43 54.33013 0.47535 -103.6695 54.33013 6.966803 -109.1906 54.33013 -6.016095 -6.479519 51.31056 160.1821 -18.05138 54.81545 179.4067 -109.2003 54.33013 -6.032064 -114.245 51.31056 29.89918 -109.9223 51.31056 26.84175 -112.0246 51.31056 28.45398 -106.9598 51.31056 24.30244 -104.1003 51.31056 20.04969 -105.2861 51.31056 22.3401 -102.7819 51.31056 16.09448 -102.6141 51.31056 10.99985 -102.3845 51.31056 13.55749 -109.9223 54.33013 26.84175 -114.245 54.33013 29.89917 -112.0246 54.33013 28.45398 -104.1003 54.33013 20.04969 -106.9598 54.33013 24.30244 -105.2861 54.33013 22.3401 -102.6141 54.33013 10.99985 -102.7819 54.33013 16.09448 -102.3845 54.33013 13.55749 -6.479519 54.2429 160.1821 -6.479519 54.2429 179.4121 -16.78025 54.2429 170.5608 -11.37907 54.2429 163.0416 -18.05138 54.2429 179.4067 -121.3715 0 -179.241 -123.1261 0 -177.4865 -122.524 0 -178.9322 -122.8173 0 -178.639 -122.1235 51.31056 -184.9528 -128.8378 51.31056 -178.2384 -125.4807 51.31056 -184.0532 -127.9383 51.31056 -181.5956 -128.8378 56.90618 -178.2384 -122.1235 56.90618 -184.9528 -127.9383 56.90618 -181.5956 -125.4807 56.90618 -184.0532 -123.1783 -0.1963257 178.8955 -121.2374 -0.663513 181.5069 -122.799 -0.2916187 180.436 -122.2004 -0.4550308 181.1256 -128.8378 51.31056 179.1891 -122.1235 51.31056 185.9035 -127.9383 51.31056 182.5463 -125.4807 51.31056 185.004 -122.1235 56.90618 185.9035 -128.8378 56.90618 179.1891 -125.4807 56.90618 185.004 -127.9383 56.90618 182.5463 128.8617 0 -178.2384 127.9622 0 -181.5956 125.5045 0 -184.0532 122.1473 0 -184.9528 122.1473 0 185.9035 125.5045 0 185.004 127.9622 0 182.5463 128.8617 0 179.1891 128.8617 0 0.47535 0.01193505 0 -184.9528 0.01193505 0 185.9035 -128.8378 0 -178.2384 -127.9383 0 -181.5956 -125.4807 0 -184.0532 -122.1235 0 -184.9528 -122.2982 -0.6749928 187.2305 -125.6015 -0.4667878 185.9216 -128.0162 -0.3010511 183.1382 -128.8902 -0.202462 179.5872 -128.8378 0 0.47535 -119.147 7.563501 187.0202 -119.147 20.10138 186.7002 -6.943721 7.563501 185.9035 -6.943721 20.10138 185.9035 -44.84264 20.10138 167.8874 -44.84265 7.563501 167.8874 -44.84265 20.10138 186.1726 -44.84264 7.563501 186.2807 -40.91876 11.48739 167.8874 -10.8676 11.48739 167.8874 -10.8676 16.17749 167.8874 -40.91876 16.17749 167.8874 -115.2231 11.48739 167.8874 -48.76653 11.48739 167.8874 -48.76653 16.17749 167.8874 -115.2231 16.17749 167.8874 -40.91876 11.48739 167.8874 -10.8676 11.48739 167.8874 -10.8676 16.17749 167.8874 -40.91876 16.17749 167.8874 -115.2231 11.48739 167.8874 -48.76653 11.48739 167.8874 -48.76653 16.17749 167.8874 -115.2231 16.17749 167.8874 -10.8676 11.48739 185.8423 -40.91876 11.48739 185.8423 -40.91876 16.17749 185.8423 -10.8676 16.17749 185.8423 -48.76653 11.48739 185.8423 -115.2231 11.48739 185.8423 -115.2231 16.17749 185.8423 -48.76653 16.17749 185.8423</float_array>
          <technique_common>
            <accessor source="#Plane_007-mesh-positions-array" count="418" stride="3">
              <param name="X" type="float"/>
              <param name="Y" type="float"/>
              <param name="Z" type="float"/>
            </accessor>
          </technique_common>
        </source>
        <source id="Plane_007-mesh-normals">
          <float_array id="Plane_007-mesh-normals-array" count="2454">0 1 0 0 1 0 -1 0 0 0 -1 0 0 -1 0 0 -1 0 1 0 0 1 0 0 0 0 -1 -0.7071076 0 0.7071061 -0.7071063 0 0.7071073 -0.7071051 0 0.7071085 0 1 -1.89576e-7 0 1 -3.6123e-7 0 1 -6.31823e-7 -0.9659261 0 0.2588183 -0.9659259 0 0.2588186 -0.9659258 0 0.2588193 -0.7071052 0 0.7071084 -0.7071043 0 0.7071093 -0.7071027 0 0.7071108 -0.2588194 0 0.9659258 -0.2588192 0 0.9659259 -0.2588189 0 0.9659259 0 0 1 0.7071045 0 -0.7071092 0.7071048 0 -0.7071088 0.7071068 0 -0.7071068 0 1 0 0 1 0 -0.7071064 0 0.7071072 -0.7071067 0 0.7071069 -0.7071068 0 0.7071068 -0.6689627 0 0.7432961 -0.6689645 0 0.7432944 -0.6689649 0 0.7432941 0 1 0 0 1 0 0 1 0 0 1 -1.44143e-7 0 1 0 -0.8531428 0 -0.5216775 -0.8531246 0 -0.5217073 -0.8531429 0 -0.5216774 0.965926 0 -0.2588184 0.9659261 0 -0.2588185 0 1 -2.22615e-7 0 1 0 0 1 1.97693e-7 0 1 0 0 1 -3.59327e-7 0 1 0 0 1 0 0 1 9.44299e-7 0 1 -1.61541e-7 0 1 1.24094e-7 0 1 0 0 1 -2.05452e-7 -0.7071062 0 0.7071075 -2.30818e-4 0 1 -4.61631e-4 0 1 -2.30818e-4 0 1 -0.707111 0 0.7071026 -0.7071105 0 0.7071031 0.2588173 0 -0.9659263 0.2588181 0 -0.9659262 0.258822 0 -0.965925 0 1 0 0 1 -7.49865e-7 0 1 -2.35764e-7 0 1 0 -0.8092011 0 0.5875318 -0.8092008 0 0.5875322 -0.8092 0 0.5875335 -0.9232837 0 0.384119 -0.9232835 0 0.3841192 -0.9232826 0 0.3841214 -0.9871471 0 0.1598143 -0.9871471 0 0.1598145 -0.987147 0 0.1598154 -0.5871391 0 0.809486 -0.5871403 0 0.8094852 -0.5871438 0 0.8094828 -0.3828937 0 0.9237924 -0.3828937 0 0.9237925 -0.1576855 0 0.9874894 -0.1576839 0 0.9874897 -0.157679 0 0.9874905 -0.9999986 5.35426e-6 0.001670002 -0.9999952 -2.14089e-5 0.003107964 -0.9999952 -1.41128e-7 0.003108084 8.40381e-4 6.46977e-4 0.9999995 -0.7071066 0 -0.707107 -0.7071061 0 -0.7071076 -0.7071079 0 -0.7071056 0 1 4.80161e-7 0 1 1.81024e-7 0 1 1.34417e-7 -0.9659256 0 -0.25882 -0.9659257 0 -0.2588196 -0.9659255 0 -0.2588207 -0.7071081 0 -0.7071055 -0.7071095 0 -0.707104 -0.7071055 0 -0.7071082 -0.2588162 0 -0.9659267 -0.2588173 0 -0.9659263 -0.2588139 0 -0.9659273 1.36809e-6 0 -1 2.09985e-6 0 -1 1.15598e-6 0 -1 0.7071092 0 0.7071045 0.7071088 0 0.7071049 0.7071111 0 0.7071025 0 1 0 0 1 -4.31315e-7 -0.7071067 0 -0.7071069 -0.7071064 0 -0.7071073 -0.7071068 0 -0.7071068 -0.6689647 0 -0.7432942 -0.6689638 0 -0.743295 -0.6689649 0 -0.7432941 -1.84555e-6 0 1 -1.84554e-6 0 1 -1.84555e-6 0 1 -0.65079 0 0.7592578 0 1 0 -0.9202451 0 -0.3913426 -0.920244 0 -0.3913454 -0.9202439 0 -0.3913453 0.9659257 0 0.2588196 0.9659258 0 0.2588194 0.9659255 0 0.2588206 0 1 0 0 1 0 0 1 0 0 1 0 0 1 1.61541e-7 0 1 0 0 1 2.38953e-7 0 1 -6.09693e-7 -0.7071063 0 -0.7071073 -2.31466e-4 0 -1 -4.61461e-4 0 -1 -4.61179e-4 0 -1 -0.707106 0 -0.7071076 -0.7071065 0 -0.7071071 -0.7071023 0 -0.7071114 0 1 -3.39985e-7 0 1 -9.82409e-7 0.2588181 0 0.9659262 0.2588173 0 0.9659263 0.258822 0 0.965925 0 1 7.49874e-7 0 1 2.35767e-7 -0.8092045 0 -0.5875272 -0.8092039 0 -0.587528 -0.8092063 0 -0.5875246 -0.923282 0 -0.3841229 -0.9232819 0 -0.3841232 -0.9232826 0 -0.3841214 -0.987147 0 -0.1598154 -0.5871403 0 -0.8094852 -0.5871391 0 -0.809486 -0.5871438 0 -0.8094828 -0.3828988 0 -0.9237904 -0.3828981 0 -0.9237906 -0.3829032 0 -0.9237886 -0.1576839 0 -0.9874897 -0.1576855 0 -0.9874894 -0.157679 0 -0.9874905 -0.9999952 1.22846e-7 -0.003108024 -0.9999952 1.31089e-6 -0.003108024 -0.9999991 9.57504e-6 -0.001430213 0 1 0 0 1 -5.02837e-7 0 1 1.99834e-7 0 1 4.24342e-7 0 1 1.70331e-7 0 1 0 0 1 0 0 1 2.54276e-7 0 1 4.82636e-7 0 1 -1.98507e-4 0.9999988 0 -0.001553356 1 0 0 1 0 0 0.9999988 0 0.001553416 0.9999952 0 0.003107964 0.9999952 0 0.003107964 0.9999988 0 0.001553416 0.9999952 0 -0.003107786 0.9999988 0 -0.001553297 -0.9486833 0 0.3162279 -0.9486833 0 0.3162279 0 1 0 -9.59317e-5 1 0 -0.9674283 0 -0.2531451 -0.9202435 0 -0.3913466 -0.9202435 0 -0.3913463 0 1 -3.72842e-4 0 1 -1.75804e-7 0 1 0 -1 0 0 -0.9999988 0 0.001553297 -0.9999988 0 0.001553297 -0.9250301 0 -0.3798942 -0.9250304 0 -0.3798932 -0.9250299 0 -0.3798941 -0.8880429 0 0.4597609 -0.8880428 0 0.4597607 -0.8880431 0 0.4597604 -0.7608383 0 0.6489416 -0.7608383 0 0.6489415 -0.7608388 0 0.648941 -0.9879534 0 0.1547523 -0.9879534 0 0.1547523 -0.9879533 0 0.1547525 -0.9959925 0 -0.089437 -0.9959926 0 -0.08943694 -0.6085483 0 0.793517 -0.6085485 0 0.7935168 -0.6085494 0 0.793516 -0.5454959 1.75765e-6 0.8381135 -0.5454959 1.48814e-6 0.8381136 -0.5454952 0 0.838114 -0.4991222 0 0.8665317 -0.4991219 0 0.8665318 -0.4991222 0 0.8665316 -4.61866e-4 0 -1 -4.61866e-4 0 -1 0.08129709 0 -0.99669 0.08129978 0 -0.9966897 0.08130133 0 -0.9966896 4.6047e-4 0 1 2.3023e-4 0 1 2.3024e-4 0 1 0.5040528 0 -0.863673 0.5040506 0 -0.8636742 0.504049 0 -0.8636751 0.8121855 0 -0.5833992 0.8121834 0 -0.5834022 0.8121828 0 -0.5834031 0.9898328 0 -0.142236 0.9898328 0 -0.1422364 0.9898327 0 -0.1422365 0.9659269 0 -0.2588151 0.9659262 0 -0.2588176 0.9659263 0 -0.2588174 0.7071081 0 -0.7071056 0.7071042 0 -0.7071094 0.7071045 0 -0.7071091 0.2588163 0 -0.9659266 0.2588203 0 -0.9659256 0.2588182 0 -0.9659261 0.2588167 0 -0.9659265 0.7071067 0 -0.7071069 0.9659265 0 -0.258817 0.2588167 0 0.9659265 0.2588251 0 0.9659242 0.2588254 0 0.9659242 0.7071031 0 0.7071105 0.7071052 0 0.7071085 0.7071056 0 0.707108 0.965927 0 0.258815 0.9659268 0 0.2588155 0.9659269 0 0.2588154 0.9659268 0 0.2588154 0.7071036 0 0.70711 0.2588243 0 0.9659245 1 0 0 0.7071067 0 0.707107 0.7071076 0 0.7071061 0.7071054 0 0.7071083 -0.9999996 9.41476e-4 -2.34499e-4 -1 5.09906e-4 0 -1 4.35416e-4 -7.32484e-5 0 1 -1.63323e-7 0 1 0 0 1 1.34417e-7 0.9659265 0 0.258817 0.9659265 0 0.2588165 0.9659262 0 0.2588177 0.7071043 0 0.7071093 0.7071052 0 0.7071084 0.7071027 0 0.7071108 0.2588198 0 0.9659256 0.2588198 0 0.9659256 0.2588196 0 0.9659258 -0.7071048 0 -0.7071088 -0.7071045 0 -0.7071092 0 1 0 0 1 0 0.7071059 0 0.7071077 0.7071067 0 0.7071068 0.7071058 0 0.7071079 0.6689655 0 0.7432935 0.6689628 0 0.7432959 0.6689662 0 0.7432929 0 1 -1.67731e-7 0 1 0 0 1 0 0.8534745 0 -0.5211346 0.8534927 0 -0.5211048 0.8534928 0 -0.5211047 -0.9659267 0 -0.2588164 -0.9659265 0 -0.2588165 -0.9659268 0 -0.258816 0 1 -2.78289e-7 0 1 0 0 1 0 0 1 0 0 1 -7.2422e-7 0 1 0 0 1 -1.46865e-7 0 1 -2.97945e-7 0 1 0 0 1 0 0 1 0 0 1 -7.28136e-7 0.7071068 0 0.7071069 2.30818e-4 0 1 2.30818e-4 0 1 4.61631e-4 0 1 0.7071105 0 0.7071031 0.707111 0 0.7071026 0.7071068 0 0.7071068 0 1 -2.43191e-6 0 1 1.46986e-7 -0.2588184 0 -0.9659261 -0.2588176 0 -0.9659262 -0.2588226 0 -0.965925 0 1 -4.72274e-7 0 1 -9.89661e-7 0 1 4.5529e-7 0 1 -1.58553e-6 0 1 9.83736e-7 0.8092008 0 0.5875322 0.8092011 0 0.5875318 0.8092 0 0.5875335 0.9232835 0 0.3841192 0.9232837 0 0.384119 0.9232826 0 0.3841214 0.9871471 0 0.1598145 0.9871471 0 0.1598143 0.987147 0 0.1598154 0.5871403 0 0.8094852 0.5871391 0 0.809486 0.5871438 0 0.8094828 0.3828937 0 0.9237924 0.3828937 0 0.9237925 0.1576839 0 0.9874897 0.1576855 0 0.9874894 0.157679 0 0.9874905 0.9999952 0 0.003108084 0.9999952 -1.40719e-5 0.003107964 0.9999987 -2.72053e-5 0.001669943 0.004890143 0.004493594 0.999978 0.01069885 0.01401072 0.9998447 0.001460015 0.003756701 0.9999919 0.7071061 0 -0.7071076 0.707107 0 -0.7071067 0.7071082 0 -0.7071055 1.94853e-4 0.004299342 0.9999908 -1.90676e-7 0.01277357 0.9999185 0 1 0 0 1 0 0 1 0 0.9659262 0 -0.2588179 0.9659261 0 -0.2588183 0.9659258 0 -0.2588191 0.7071095 0 -0.707104 0.7071081 0 -0.7071055 0.7071055 0 -0.7071082 0.2588178 0 -0.9659262 0.2588167 0 -0.9659265 0.2588146 0 -0.9659271 -2.09986e-6 0 -1 -1.36809e-6 0 -1 -1.15598e-6 0 -1 -0.7071088 0 0.7071049 -0.7071092 0 0.7071045 -0.7071111 0 0.7071025 0 1 0 0.7071068 0 -0.7071068 0.7071059 0 -0.7071077 0.7071058 0 -0.7071079 0.668964 0 -0.7432948 0.6689658 0 -0.7432932 0.6689662 0 -0.7432929 1.84554e-6 0 1 1.84555e-6 0 1 1.84555e-6 0 1 0.6507906 0 0.7592574 0.6507907 0 0.7592572 0.65079 0 0.7592578 0 1 0 0 1 0 0.9202444 0 -0.3913444 0.9202446 0 -0.3913435 0.9202444 0 -0.3913443 -0.9659263 0 0.2588174 -0.9659262 0 0.2588176 -0.9659262 0 0.2588181 0 1 3.61769e-7 0 1 3.62111e-7 0 1 0 0 1 1.46865e-7 0 1 2.97941e-7 0 1 1.13489e-6 0 1 0 0 1 2.43877e-6 0.7071068 0 -0.7071067 2.31466e-4 0 -1 4.61461e-4 0 -1 2.31751e-4 0 -1 0.7071065 0 -0.7071071 0.707106 0 -0.7071076 0.7071023 0 -0.7071114 0 1 -3.13511e-7 -0.2588176 0 0.9659262 -0.2588184 0 0.9659261 -0.2588226 0 0.965925 0 1 4.72272e-7 0 1 0 0 1 9.89637e-7 0 1 -4.55288e-7 0 1 3.32895e-7 0 1 -9.83723e-7 0.8092039 0 -0.587528 0.8092045 0 -0.5875272 0.8092063 0 -0.5875246 0.9232819 0 -0.3841232 0.923282 0 -0.3841229 0.9232826 0 -0.3841214 0.987147 0 -0.1598154 0.5871391 0 -0.809486 0.5871403 0 -0.8094852 0.5871438 0 -0.8094828 0.3828981 0 -0.9237906 0.3828988 0 -0.9237904 0.3829032 0 -0.9237886 0.1576855 0 -0.9874894 0.1576839 0 -0.9874897 0.157679 0 -0.9874905 0.9999991 -1.46974e-5 -0.001430451 0.9999952 2.04851e-5 -0.003108084 0.9999952 1.28587e-7 -0.003107964 0 1 1.08019e-6 0 1 -1.02735e-6 0 1 -1.32823e-7 0 1 2.36926e-7 0 1 0 0 1 5.20652e-7 0 1 0 0 1 2.72168e-7 0 1 -1.36134e-6 0 1 -8.97273e-7 0 1 -1.50944e-4 0 1 -1.68622e-7 -1 0 0 -0.9999988 0 -0.00155276 -1 0 0 -0.9999952 0 0.003108263 -0.9999988 0 0.001552939 -0.9999952 0 0.003108263 -0.9999988 0 0.001552999 -0.9999988 0 -0.0015527 -0.9999952 0 -0.003107786 0.9486829 0 0.3162291 0.9486829 0 0.3162291 0.9674283 0 -0.2531451 0.9202441 0 -0.3913452 0 1 -2.84026e-4 0.9999988 0 -0.001552939 1 0 0 0.9999988 0 -0.001552939 0.9250304 0 -0.3798932 0.9250301 0 -0.3798942 0.9250299 0 -0.3798941 0.8880428 0 0.4597607 0.8880429 0 0.4597609 0.8880431 0 0.4597604 0.7608398 0 0.6489399 0.7608397 0 0.6489399 0.9879534 0 0.1547523 0.9879534 0 0.1547523 0.9879533 0 0.1547525 0.9959925 0 -0.089437 0.9959926 0 -0.08943694 0.6085485 0 0.7935168 0.6085483 0 0.793517 0.6085494 0 0.793516 0.5454959 0 0.8381136 0.5454959 0 0.8381135 0.5454952 0 0.838114 0.4991222 0 0.8665317 0.4991219 0 0.8665318 0.4991219 0 0.8665319 4.61179e-4 0 -1 4.61866e-4 0 -1 -0.08129996 0 -0.9966897 -0.08129715 0 -0.99669 -0.08130162 0 -0.9966896 -2.3023e-4 0 1 -4.60471e-4 0 1 -2.3024e-4 0 1 0 1 0 0 1 1.63566e-7 0 1 3.03506e-7 -0.5040506 0 -0.8636742 -0.5040528 0 -0.863673 -0.504049 0 -0.8636751 -0.8121834 0 -0.5834022 -0.8121855 0 -0.5833992 -0.8121828 0 -0.5834031 -0.9898328 0 -0.1422364 -0.9898328 0 -0.142236 -0.9898327 0 -0.1422365 -0.9659268 0 -0.2588156 -0.9659276 0 -0.2588131 -0.9659268 0 -0.2588155 -0.7071042 0 -0.7071094 -0.7071081 0 -0.7071056 -0.7071045 0 -0.7071091 -0.2588203 0 -0.9659256 -0.2588163 0 -0.9659266 -0.2588182 0 -0.9659261 -0.2588167 0 -0.9659265 -0.7071067 0 -0.7071069 -0.965927 0 -0.2588149 -0.2635586 0.01804059 0.9644747 -0.3625471 0.02467942 0.9316386 -0.3668872 0.02497041 0.9299303 -0.7093093 0.009366035 0.7048352 -0.7529928 0.01320964 0.6578961 -0.7548997 0.01338261 0.6557038 -0.9660445 0.001524031 0.2583712 -0.9707788 0.004155635 0.2399406 -0.970983 0.004206955 0.2391116 -0.9659274 0 0.2588133 -0.9659262 0.001488029 0.2588132 -0.7071029 0 0.7071107 -0.7071036 0 0.70711 -0.7071021 0 0.7071115 -0.2588243 0 0.9659245 -0.2588243 0 0.9659245 -5.97385e-7 -1 -1.26953e-5 0.002732336 -0.999996 -9.21019e-4 0.00273168 -0.9999958 -9.34192e-4 -0.1479092 -0.9882715 -0.03797692 -0.06681346 -0.9970795 -0.03699523 -0.04835641 -0.9981543 -0.03673833 -0.06645727 -0.9909971 -0.1162248 -0.04126465 -0.9982282 -0.04287028 -0.08203035 -0.9834069 -0.1618084 -0.00790143 -0.998806 -0.04821163 -0.01026594 -0.9994571 -0.03130978 -0.006219506 -0.9981661 -0.06021529 4.00796e-6 -1 1.28637e-7 4.26196e-4 -0.9999998 -5.50407e-4 9.27755e-4 -0.9999991 -0.001129746 4.25324e-4 -0.9999998 -5.50103e-4 0.005507886 -0.9999845 -9.83897e-4 0.005507886 -0.9999844 -9.84846e-4 -3.71235e-6 -1 6.7368e-6 -1.42442e-5 -1 9.02107e-6 3.09217e-4 -1 -2.01328e-4 0.00677061 0.001078724 0.9999766 0.002500295 0.008716881 0.9999589 1 -1.3093e-7 0 1 -2.21011e-7 0 1 -3.49849e-7 0 0 -1 0 0 1 0 0 1 0 1.24065e-6 0 1 -4.13972e-7 0 1 -1.03845e-6 0 1 -8.36263e-7 0 1 4.13971e-7 0 1 1.03846e-6 0 1 -3.31652e-6 0 1 3.31651e-6 0 1 -4.13972e-7 0 1 -1.24062e-6 0 1 4.13972e-7 0 1 -3.31651e-6 0 1 8.36271e-7 0 1 -0.7071102 0 0.7071034 1 0 0 0 1 -2.47527e-6 0 1 -2.18478e-7 0 1 -4.16115e-7 -0.9659262 0 0.2588177 -0.2588196 0 0.9659258 0.7071025 0 -0.7071111 0 1 0 -0.6689622 0 0.7432965 0 1 1.50555e-4 0 1 7.98661e-5 0 1 -3.37574e-7 0 1 0 0 1 -2.84586e-7 0 1 -4.78354e-6 0 1 -4.18011e-7 0 1 -7.52106e-6 0 1 2.7179e-6 0 1 0 0 1 -4.45849e-6 -0.8531246 0 -0.5217074 -4.61631e-4 0 1 -0.7071147 0 0.7070989 0.2588134 0 -0.9659274 -0.8092021 0 0.5875305 -0.9232846 0 0.3841169 -0.9871473 0 0.1598135 -0.5871356 0 0.8094886 -0.1576902 0 0.9874887 -0.9999952 0 0.003108084 -0.9999952 0 0.003108084 -0.7071034 0 -0.7071102 0 1 4.32856e-7 0 1 1.33154e-6 0 1 9.39242e-7 -0.9659259 0 -0.258819 -0.7071123 0 -0.7071014 -0.2588196 0 -0.9659258 2.31196e-6 0 -1 -0.6689636 0 -0.7432952 -1.84554e-6 0 1 -0.9202452 0 -0.3913424 0.9659261 0 0.2588185 0 1 -1.13489e-6 -2.31751e-4 0 -1 -0.7071102 0 -0.7071034 0.2588134 0 0.9659274 -0.8092021 0 -0.5875305 -0.9232813 0 -0.3841248 -0.5871356 0 -0.8094886 -0.3828937 0 -0.9237925 -0.1576902 0 -0.9874887 -0.9999952 0 -0.003108024 -0.9999952 0 -0.003108024 0 1 -1.07228e-6 0 1 1.82197e-6 0 1 0 0 1 1.85978e-6 0 1 -1.41171e-6 0 1 3.92022e-7 0 1 -3.1052e-6 0 1 -1.30732e-6 0 1 2.84957e-7 0 1 9.22921e-6 0 1 0 0 1 0 0 1 7.50109e-6 0 1 0 0 1 2.09004e-7 0 1 2.02035e-6 0 1 -2.5063e-6 0 1 3.76042e-6 0 1 0 0 1 2.38559e-6 0 1 0 0 1 1.01278e-5 0 1 1.53154e-7 0 1 0 0 1 0 0.9999952 0 -0.003107786 -0.9999988 0 -0.001553416 -0.9999988 -2.04676e-7 -0.001553416 -1 0 0 -0.9250304 0 -0.3798932 -0.8880427 0 0.4597612 -0.7608379 0 0.6489422 -0.9879534 0 0.154752 -0.9959926 0 -0.08943712 -0.6085473 0 0.7935176 -0.5454965 3.24579e-6 0.8381131 -0.4991219 0 0.8665319 0.08129549 0 -0.99669 4.6047e-4 0 0.9999999 0.5040544 0 -0.8636719 0.8121862 0 -0.5833984 0.9898328 0 -0.1422359 0.965927 0 -0.258815 0.7071083 0 -0.7071053 0.2588163 0 -0.9659267 0.2588126 0 -0.9659277 0.7071076 0 -0.707106 0.9659265 0 -0.2588167 0.2588163 0 0.9659267 0.7071028 0 0.7071107 0.965927 0 0.258815 0.9659269 0 0.2588151 0.7071045 0 0.7071092 0.2588243 0 0.9659245 0.7071102 0 0.7071034 -1 9.01996e-5 -2.84948e-5 0 1 -2.22493e-7 0.9659267 0 0.2588158 0.2588199 0 0.9659256 -0.7071025 0 -0.7071111 0.6689622 0 0.7432965 0 1 -1.96692e-7 0 1 1.43099e-7 0 1 4.16981e-7 0 1 -2.8496e-7 0 1 -9.22899e-6 0 1 -7.50097e-6 0 1 -8.22722e-7 0 1 0 0 1 5.1548e-6 0 1 -4.4247e-6 0 1 -1.75926e-6 0 1 -3.76019e-6 0.8534745 0 -0.5211347 -0.9659265 0 -0.258817 0 1 -1.13491e-6 4.61631e-4 0 1 0.7071147 0 0.7070989 -0.2588134 0 -0.9659274 0.8092021 0 0.5875305 0.9232846 0 0.3841169 0.9871473 0 0.1598135 0.5871356 0 0.8094886 0.1576902 0 0.9874887 0.9999952 0 0.003108084 0.9999952 0 0.003108084 0.007326841 0.0252937 0.9996532 0.003882348 0.02052086 0.9997819 0.7071034 0 -0.7071102 0 1 0 0 1 1.24834e-6 0.9659264 0 -0.2588171 0.7071123 0 -0.7071014 0.2588199 0 -0.9659256 -2.31196e-6 0 -1 0 1 4.27629e-7 0.6689636 0 -0.7432952 1.84554e-6 0 1 0.6507913 0 0.7592568 0.9202448 0 -0.3913435 -0.9659265 0 0.258817 0.7071102 0 -0.7071034 0 1 3.56831e-7 -0.2588134 0 0.9659274 0.8092021 0 -0.5875305 0.9232813 0 -0.3841248 0.5871356 0 -0.8094886 0.3828937 0 -0.9237925 0.1576902 0 -0.9874887 0.9999952 0 -0.003107964 0.9999952 0 -0.003107964 0 1 0 0 1 1.43333e-6 0 1 -7.27878e-7 0 1 2.04345e-7 0 1 1.34714e-6 0 1 1.10564e-6 0 1 -3.67424e-6 0 1 -5.1e-7 0 1 0 0 1 0 0 1 2.93857e-6 0 1 4.45861e-6 0 1 -5.71526e-7 0 1 0 0 1 6.83412e-7 0 1 -5.15502e-6 0 1 4.0407e-6 0 1 3.10055e-6 0 1 3.76019e-6 0 1 8.79297e-7 0 1 4.44618e-7 0 1 -1.97887e-7 0 1 5.297e-7 0 1 1.19284e-6 -0.9999952 0 -0.003107786 0.9999988 0 0.0015527 0.9999988 0 0.0015527 1 0 0 0.9250304 0 -0.3798932 0.8880427 0 0.4597612 0.9879534 0 0.154752 0.9959926 0 -0.08943712 0.6085473 0 0.7935176 0.5454965 0 0.8381131 0.4991222 0 0.8665316 4.61866e-4 0 -1 -0.08129549 0 -0.99669 -4.60471e-4 0 0.9999999 -0.5040544 0 -0.8636719 -0.8121862 0 -0.5833984 -0.9898328 0 -0.1422359 -0.9659276 0 -0.258813 -0.7071083 0 -0.7071053 -0.2588163 0 -0.9659267 -0.2588126 0 -0.9659277 -0.7071076 0 -0.707106 -0.9659271 0 -0.2588145 -0.2587859 0.0177204 0.9657722 -0.7070796 0.009175539 0.7070745 -0.9659275 0 0.2588129 -0.7071045 0 0.7071092 -0.1968662 -0.9796761 -0.03845143 -0.03617268 -0.9989505 -0.02810031 -0.01114624 -0.9996252 -0.02500975 9.37439e-4 -0.999999 -0.001130044 -3.50479e-5 -1 -1.15823e-5 5.09003e-4 -0.9999988 -0.001561343 -3.53859e-5 -1 -3.53862e-5 0 -1 7.51191e-6 -0.2249211 -0.974322 -0.01034867 -0.02997434 -0.9978393 -0.05846685 -0.03970962 -0.9878931 -0.1499683 -0.1832237 -0.9803389 -0.0732457 0.001612067 0.0246396 0.9996951</float_array>
          <technique_common>
            <accessor source="#Plane_007-mesh-normals-array" count="818" stride="3">
              <param name="X" type="float"/>
              <param name="Y" type="float"/>
              <param name="Z" type="float"/>
            </accessor>
          </technique_common>
        </source>
        <source id="Plane_007-mesh-map-0">
          <float_array id="Plane_007-mesh-map-0-array" count="4908">0.2694537 0.5508267 0.2912092 0.5965919 0.2694537 0.5965919 0.734322 0.5212289 0.7191829 0.5048759 0.734322 0.5049989 0.2700907 0.6940939 0.292171 0.6043676 0.292171 0.6940942 0.7046468 0.003887653 0.711404 0.01785987 0.704647 0.01785993 0.216508 0.8417614 0.2097515 0.8279832 0.216508 0.8280381 0.79835 0.8740215 0.8603105 0.8739717 0.8603064 0.9665508 0.8905101 0.8342285 0.886278 0.8295789 0.8905103 0.8295792 0.7046503 0.2961884 0.7046505 0.3101606 0.6426898 0.310161 0.8603064 0.9665508 0.8670626 0.9846132 0.8603056 0.9846187 0.8341243 0.4615834 0.8157287 0.4856669 0.806326 0.4762641 0.2310506 0.8279833 0.2242833 0.832214 0.2242935 0.8279832 0.2310403 0.8322142 0.2242833 0.8370811 0.2242833 0.832214 0.2310403 0.8370813 0.2242935 0.8412804 0.2242833 0.8370811 0.704647 0.01785993 0.711404 0.03391695 0.704647 0.033917 0.1216233 0.8320387 0.1258582 0.8368943 0.1216259 0.8368962 0.1991248 0.8650327 0.1948924 0.8519792 0.1991248 0.8519792 0.4784023 0.6834035 0.4705634 0.8916415 0.4705634 0.6755647 0.890511 0.8142098 0.8862796 0.7937169 0.8905119 0.7937172 0.8905119 0.7937172 0.8862767 0.7774992 0.8905091 0.7774995 0.8603105 0.8739717 0.8645387 0.9665474 0.8603064 0.9665508 0.1216257 0.8412562 0.1258513 0.8583509 0.1216189 0.8583528 0.5997156 0.858997 0.4784023 0.6834035 0.6178464 0.8352866 0.5810915 0.4365944 0.601908 0.4333233 0.601908 0.4517189 0.9567394 0.1274836 0.9530934 0.1274397 0.9567395 0.1274613 0.1216189 0.8279851 0.1258557 0.8320367 0.1216233 0.8320387 0.6262607 0.2356421 0.6262607 0.2278033 0.6340996 0.2278033 0.6340996 0.4239206 0.6185259 0.4003676 0.6272323 0.3985252 0.5931671 0.4257264 0.601908 0.4333233 0.5810915 0.4365944 0.5931671 0.4257264 0.6066095 0.4251803 0.6031678 0.428622 0.6076579 0.4112356 0.6113108 0.4239206 0.6066095 0.4251803 0.6261414 0.2740253 0.6340996 0.2278033 0.6340996 0.4239206 0.4785057 0.4438802 0.4863445 0.4438802 0.4785057 0.4517189 0.8905103 0.8295792 0.8862786 0.8142095 0.890511 0.8142098 0.6302232 0.83546 0.6259909 0.8299367 0.6302233 0.8299367 0.6302228 0.8931438 0.6259909 0.83546 0.6302232 0.83546 0.8905091 0.7774995 0.8862769 0.7728499 0.8905093 0.7728502 0.5682491 0.4438424 0.601908 0.4517189 0.4785057 0.4517189 0.704647 0.01785993 0.708881 0.1570241 0.7046486 0.1570242 0.1216259 0.8368962 0.1258581 0.8412543 0.1216257 0.8412562 0.5682491 0.4438424 0.5715779 0.4433108 0.5792348 0.4453528 0.5715779 0.4433108 0.5750752 0.4418612 0.5792348 0.4453528 0.5750752 0.4418612 0.5778039 0.439882 0.5792348 0.4453528 0.6218135 0.39708 0.6237947 0.3943513 0.6272323 0.3985252 0.6237947 0.3943513 0.6252498 0.390854 0.6272323 0.3985252 0.6252498 0.390854 0.6257886 0.3875252 0.6272323 0.3985252 0.8905101 0.8342285 0.8862754 0.837562 0.8862777 0.8342282 0.8905077 0.8375623 0.8862692 0.841073 0.8862754 0.837562 0.8905015 0.8410733 0.8862608 0.8438207 0.8862692 0.841073 0.8862769 0.7728499 0.8905072 0.7695247 0.8905093 0.7728502 0.8862749 0.7695244 0.8905013 0.7660362 0.8905072 0.7695247 0.8862689 0.7660359 0.8904931 0.7633194 0.8905013 0.7660362 0.9531995 0.0883283 0.9526135 0.08832478 0.952423 0.003887653 0.7114073 0.2961884 0.7046505 0.3101606 0.7046503 0.2961884 0.09564471 0.8549825 0.1023431 0.8412855 0.1024014 0.8550087 0.7046505 0.3385964 0.7046505 0.4255467 0.6426899 0.4255471 0.9528914 0.2566128 0.9571534 0.251996 0.9571235 0.2566379 0.7114076 0.321627 0.7046505 0.3385964 0.7046505 0.321627 0.7985506 0.4762641 0.7707521 0.4615834 0.7788602 0.4534754 0.09558326 0.8369131 0.1023431 0.8412855 0.09558635 0.8412593 0.09560459 0.8320537 0.10234 0.8369393 0.09558326 0.8369131 0.09564471 0.8279832 0.1023613 0.83208 0.09560459 0.8320537 0.1750992 0.8279831 0.1683422 0.8450854 0.1683422 0.8279888 0.7088826 0.316452 0.7046503 0.3213192 0.7046503 0.316452 0.7088827 0.3255429 0.7046505 0.3385964 0.7046504 0.3255429 0.4784023 0.6677259 0.4705634 0.4833486 0.4784023 0.4827091 0.9526608 0.2924173 0.9570247 0.2719827 0.9568929 0.2924424 0.952549 0.3085662 0.9568929 0.2924424 0.9567812 0.3085913 0.7088829 0.3385964 0.7046505 0.4255467 0.7046505 0.3385964 0.7088826 0.2961884 0.7046503 0.3122455 0.7046503 0.2961884 0.1101953 0.8450458 0.1138436 0.8497409 0.1101973 0.8497412 0.601908 0.003887593 0.601908 0.02228331 0.5810915 0.01901221 0.9566936 0.1436189 0.9530704 0.1355296 0.9567165 0.1355512 0.7088827 0.3213192 0.7046504 0.3255429 0.7046503 0.3213192 0.6262607 0.2199645 0.6340996 0.2278033 0.6262607 0.2278033 0.6272323 0.05708134 0.6185259 0.05523902 0.6340996 0.031686 0.601908 0.02228331 0.5931671 0.02988028 0.5810915 0.01901221 0.5931671 0.02988028 0.6066095 0.03042632 0.6076579 0.04437094 0.6076579 0.04437094 0.6113108 0.03168606 0.6185259 0.05523902 0.6261574 0.1866969 0.6257886 0.06808137 0.6340996 0.031686 0.4785057 0.01172643 0.4785057 0.003887593 0.4863445 0.01172643 0.9527926 0.2719576 0.9571235 0.2566379 0.9570247 0.2719827 0.2868912 0.8953904 0.2826569 0.9012734 0.2826588 0.8953926 0.2826569 0.9012734 0.2868857 0.9117504 0.2826533 0.9117525 0.9525191 0.3132081 0.9567812 0.3085913 0.9567512 0.3132332 0.5682491 0.01176428 0.5003182 0.01173287 0.4785057 0.003887593 0.708881 0.1570241 0.7046503 0.2961884 0.7046486 0.1570242 0.7088826 0.3122454 0.7046503 0.316452 0.7046503 0.3122455 0.5682491 0.01176428 0.5792348 0.01025378 0.5715779 0.01229578 0.5715779 0.01229578 0.5792348 0.01025378 0.5750752 0.01374536 0.5750752 0.01374536 0.5792348 0.01025378 0.5778039 0.01572459 0.6218135 0.05852669 0.6272323 0.05708134 0.6237947 0.06125539 0.6237947 0.06125539 0.6272323 0.05708134 0.6252498 0.06475263 0.6252498 0.06475263 0.6272323 0.05708134 0.6257886 0.06808137 0.9529381 0.248616 0.9571534 0.251996 0.9529213 0.2519709 0.952948 0.245038 0.9571702 0.248641 0.9529381 0.248616 0.9529483 0.2421959 0.9571801 0.2450631 0.952948 0.245038 0.9567252 0.3165268 0.9525191 0.3132081 0.9567512 0.3132332 0.95669 0.3199371 0.9524931 0.3165017 0.9567252 0.3165268 0.9566552 0.3225502 0.9524579 0.319912 0.95669 0.3199371 0.9529483 0.2421959 0.9527572 0.1534621 0.9533432 0.1534655 0.5990985 0.6755647 0.4784023 0.6677259 0.5957649 0.6677259 0.6467109 0.8059686 0.6659553 0.7981895 0.6659309 0.8060283 0.5990985 0.6755647 0.4784023 0.6834035 0.4705634 0.6755647 0.6178464 0.5158427 0.6058543 0.6417788 0.6033157 0.6437256 0.6659553 0.7981895 0.6421426 0.7932453 0.6423643 0.7870939 0.6659309 0.8060283 0.6500201 0.8138177 0.6467109 0.8059686 0.04841333 0.8627874 0.04476702 0.857225 0.04841333 0.857225 0.04841333 0.8516626 0.04476702 0.8279832 0.04841333 0.8279832 0.04841333 0.857225 0.04476702 0.8516626 0.04841333 0.8516626 0.04841333 0.8899399 0.04476702 0.8627874 0.04841333 0.8627874 0.110193 0.8558218 0.1138303 0.860339 0.1101841 0.8603393 0.3135884 0.4732948 0.3135884 0.4732948 0.3135884 0.4732948 0.9566879 0.1481007 0.9530475 0.1435973 0.9566936 0.1436189 0.9567165 0.1355512 0.9530933 0.127462 0.9567394 0.1274836 0.6500319 0.813837 0.6659065 0.8138671 0.6656679 0.8522497 0.9526907 0.1227274 0.9526779 0.1168796 0.9532639 0.116883 0.9568456 0.08834987 0.9530934 0.1274397 0.9531995 0.0883283 0.3135884 0.4810701 0.3135884 0.4810701 0.3135884 0.4810701 0.110193 0.8558218 0.1138429 0.8528472 0.1138393 0.8558215 0.1101967 0.8528475 0.1138436 0.8497409 0.1138429 0.8528472 0.1138303 0.860339 0.1101767 0.8628567 0.1101841 0.8603393 0.9530439 0.1505678 0.9566879 0.1481007 0.95669 0.1505894 0.1101953 0.8450458 0.1138395 0.8418765 0.1138415 0.8450455 0.1101932 0.8418768 0.1138364 0.8387509 0.1138395 0.8418765 0.11019 0.8387512 0.113823 0.8279832 0.1138364 0.8387509 0.2826533 0.9117525 0.2868685 0.9626929 0.2826361 0.962695 0.1371745 0.8601198 0.1336387 0.8538158 0.1371797 0.8538162 0.144957 0.8279832 0.1484979 0.8378337 0.144957 0.8378337 0.7424042 0.4674492 0.7191828 0.475288 0.7191828 0.4674492 0.7389512 0.4615327 0.7424042 0.4674492 0.7191828 0.4674492 0.1371797 0.8538162 0.1336407 0.8470941 0.1371816 0.8470944 0.8565194 0.4975394 0.8601876 0.5153427 0.8600602 0.4975427 0.1371816 0.8470944 0.1336394 0.8361974 0.1371804 0.8361977 0.1371804 0.8361977 0.1336335 0.827983 0.1371745 0.8279834 0.144957 0.8378337 0.1484979 0.843357 0.144957 0.843357 0.7983549 0.9961124 0.8603104 0.9925671 0.8603155 0.9960624 0.7983499 0.992617 0.8603068 0.9883784 0.8603104 0.9925671 0.7983463 0.9884282 0.8603056 0.9846187 0.8603068 0.9883784 0.8670626 0.9846132 0.8603068 0.9883784 0.8603056 0.9846187 0.8670638 0.9883729 0.8603104 0.9925671 0.8603068 0.9883784 0.8670675 0.9925616 0.8603155 0.9960624 0.8603104 0.9925671 0.64269 0.3216274 0.7046505 0.3179997 0.7046505 0.321627 0.6426899 0.3180001 0.7046505 0.3138027 0.7046505 0.3179997 0.6426899 0.3138031 0.7046505 0.3101606 0.7046505 0.3138027 0.7114075 0.3101606 0.7046505 0.3138027 0.7046505 0.3101606 0.7114076 0.3138027 0.7046505 0.3179997 0.7046505 0.3138027 0.7114076 0.3179997 0.7046505 0.321627 0.7046505 0.3179997 0.6426862 0.00388807 0.7046468 0.003887653 0.704647 0.01785993 0.8756916 0.03002452 0.8824481 0.01539021 0.8824481 0.03007948 0.07436883 0.8279832 0.06761187 0.8410366 0.06761181 0.8279832 0.8603147 0.7813925 0.8603105 0.8739717 0.79835 0.8740215 0.6259915 0.700401 0.6302239 0.6957516 0.6302239 0.700401 0.9446478 0.3382866 0.8824481 0.3373804 0.8824481 0.322691 0.8670725 0.7633192 0.8603147 0.7813925 0.8603155 0.7633246 0.8063259 0.5028451 0.8341243 0.5175257 0.8260163 0.5256338 0.07436895 0.8452603 0.06761187 0.8410366 0.07436895 0.8410366 0.07436895 0.8501275 0.06761187 0.8452603 0.07436895 0.8452603 0.07436895 0.8543341 0.06761187 0.8501275 0.07436895 0.8501275 0.07436895 0.8543341 0.06761181 0.8703911 0.06761187 0.8543341 0.1563134 0.8509119 0.1605669 0.846069 0.1605455 0.8509284 0.1563316 0.8417064 0.1605055 0.8279996 0.1605638 0.8417228 0.4627246 0.6834035 0.4705634 0.8916415 0.4627246 0.8916415 0.6259914 0.7362635 0.6302238 0.7157706 0.6302238 0.7362635 0.6259914 0.752484 0.6302238 0.7362635 0.6302238 0.752484 0.864547 0.7813891 0.8603105 0.8739717 0.8603147 0.7813925 0.2430582 0.8279832 0.2388258 0.8450833 0.2388258 0.8279867 0.4627246 0.6834035 0.3414113 0.858997 0.3232805 0.8352866 0.3551033 0.4517189 0.3551033 0.4333233 0.3759198 0.4365944 0.05618953 0.8497986 0.05983585 0.8497789 0.05983585 0.8498005 0.1563347 0.8460525 0.1605638 0.8417228 0.1605669 0.846069 0.3307507 0.2356421 0.3229118 0.2278033 0.3307507 0.2278033 0.329779 0.3985252 0.3384854 0.4003676 0.3229118 0.4239206 0.3551033 0.4333233 0.3638442 0.4257264 0.3759198 0.4365944 0.3638442 0.4257264 0.3504019 0.4251803 0.3493535 0.4112356 0.3493535 0.4112356 0.3457005 0.4239206 0.3384854 0.4003676 0.3308699 0.2740253 0.3312227 0.3875252 0.3229118 0.4239206 0.4785057 0.4438802 0.4785057 0.4517189 0.4706668 0.4438802 0.6259915 0.7157706 0.6302239 0.700401 0.6302238 0.7157706 0.6259909 0.8299367 0.6302233 0.8244134 0.6302233 0.8299367 0.6259909 0.8244134 0.6302238 0.766676 0.6302233 0.8244134 0.6259914 0.7571334 0.6302238 0.752484 0.6302238 0.7571334 0.3551033 0.4517189 0.3777765 0.4453528 0.3887622 0.4438424 0.8782161 0.1763508 0.8824481 0.03007948 0.8824481 0.1763852 0.1562733 0.8549825 0.1605455 0.8509284 0.1605055 0.8549989 0.3887622 0.4438424 0.3777765 0.4453528 0.3854334 0.4433108 0.3854334 0.4433108 0.3777765 0.4453528 0.3819361 0.4418612 0.3819361 0.4418612 0.3777765 0.4453528 0.3792074 0.439882 0.3351978 0.39708 0.329779 0.3985252 0.3332166 0.3943513 0.3332166 0.3943513 0.329779 0.3985252 0.3317616 0.390854 0.3317616 0.390854 0.329779 0.3985252 0.3312227 0.3875252 0.6259915 0.6924194 0.6302239 0.6957516 0.6259915 0.6957516 0.6259915 0.6889125 0.6302239 0.6924194 0.6259915 0.6924194 0.6259915 0.6861707 0.6302239 0.6889125 0.6259915 0.6889125 0.6302238 0.7604605 0.6259914 0.7571334 0.6302238 0.7571334 0.6302238 0.7639533 0.6259914 0.7604604 0.6302238 0.7604605 0.6302238 0.766676 0.6259914 0.7639533 0.6302238 0.7639533 0.6259915 0.6861707 0.6259911 0.6053829 0.6265772 0.6053829 0.8824481 0.3373804 0.8756916 0.3226361 0.8824481 0.322691 0.7046504 0.4994435 0.7114076 0.512497 0.7046505 0.512497 0.6518233 0.4314653 0.6518233 0.464035 0.6426899 0.4255471 0.2826453 0.7569363 0.2868803 0.7615743 0.2826479 0.7615765 0.7046505 0.512497 0.7114076 0.5294663 0.7046505 0.5294664 0.7707521 0.5175257 0.7891478 0.4934422 0.7985506 0.502845 0.8419065 0.5279101 0.8486591 0.5238535 0.8486635 0.5279071 0.841902 0.5238565 0.8486566 0.5189959 0.8486591 0.5238535 0.8418996 0.5189989 0.8486567 0.5146359 0.8486566 0.5189959 0.8419065 0.4975424 0.8486567 0.5146359 0.8418997 0.514639 0.187117 0.8610457 0.1828848 0.8561784 0.187117 0.8561785 0.2139835 0.8632945 0.2097515 0.8495367 0.2139835 0.8495711 0.4627246 0.6677259 0.4705634 0.4833486 0.4705634 0.6755647 0.2826567 0.7769157 0.2869009 0.7973659 0.2826685 0.7973681 0.2826685 0.7973681 0.2869094 0.813611 0.282677 0.8136132 0.7046505 0.4255467 0.7088829 0.512497 0.7046505 0.512497 0.2242833 0.8490559 0.2285157 0.865113 0.2242833 0.865113 0.6265769 0.5651746 0.6302232 0.5604781 0.6302232 0.5651747 0.3759198 0.01901221 0.3551033 0.02228331 0.3551033 0.003887593 0.05618989 0.8420932 0.0598365 0.8344112 0.05983614 0.842095 0.1871069 0.8652765 0.1828848 0.8610456 0.187117 0.8610457 0.3307507 0.2199645 0.3307507 0.2278033 0.3229118 0.2278033 0.3229118 0.031686 0.3384854 0.05523902 0.329779 0.05708134 0.3638442 0.02988028 0.3551033 0.02228331 0.3759198 0.01901221 0.3638442 0.02988028 0.3504019 0.03042632 0.3538436 0.02698463 0.3493535 0.04437094 0.3457005 0.03168606 0.3504019 0.03042632 0.3229118 0.031686 0.3308541 0.1866969 0.3229118 0.2278033 0.4785057 0.01172643 0.4706668 0.01172643 0.4785057 0.003887593 0.2826479 0.7615765 0.2868891 0.7769135 0.2826567 0.7769157 0.2826609 0.8895117 0.2868912 0.8953904 0.2826588 0.8953926 0.2826609 0.8895117 0.2868967 0.8790219 0.2868932 0.8895096 0.282677 0.8136132 0.286912 0.8182513 0.2826797 0.8182534 0.4785057 0.003887593 0.3887622 0.01176428 0.3551033 0.003887593 0.8824481 0.322691 0.8782161 0.1763508 0.8824481 0.1763852 0.187117 0.8561785 0.1828745 0.8519791 0.1871069 0.8519793 0.3887622 0.01176428 0.3854334 0.01229578 0.3777765 0.01025378 0.3854334 0.01229578 0.3819361 0.01374536 0.3777765 0.01025378 0.3819361 0.01374536 0.3792074 0.01572459 0.3777765 0.01025378 0.3351978 0.05852669 0.3332166 0.06125539 0.329779 0.05708134 0.3332166 0.06125539 0.3317616 0.06475263 0.329779 0.05708134 0.3317616 0.06475263 0.3312227 0.06808137 0.329779 0.05708134 0.2826453 0.7569363 0.2868753 0.7536436 0.2868776 0.7569341 0.2826429 0.7536457 0.2868719 0.7502397 0.2868753 0.7536436 0.2826395 0.7502418 0.2868685 0.7476344 0.2868719 0.7502397 0.286912 0.8182513 0.2826811 0.8216091 0.2826797 0.8182534 0.2869135 0.821607 0.2826818 0.8251913 0.2826811 0.8216091 0.2869141 0.8251892 0.2826815 0.8280401 0.2826818 0.8251913 0.6265769 0.5434038 0.6259908 0.5434038 0.6259905 0.4594943 0.4627246 0.6677259 0.3420284 0.6755647 0.345362 0.6677259 0.6737304 0.7981896 0.6929747 0.8059687 0.6737548 0.8060284 0.3420284 0.6755647 0.4627246 0.6834035 0.3386949 0.6834035 0.3378112 0.6437256 0.3352726 0.6417788 0.3232805 0.5158427 0.6975431 0.7932454 0.6737304 0.7981896 0.6973214 0.787094 0.6737548 0.8060284 0.6896656 0.8138177 0.6737792 0.8138672 0.03334432 0.8625447 0.03699034 0.8567264 0.03699034 0.8625743 0.03334569 0.8931417 0.03699034 0.8684222 0.03699171 0.8931713 0.03334432 0.8683925 0.03699034 0.8625743 0.03699034 0.8684222 0.03334432 0.8566968 0.03699171 0.8280127 0.03699034 0.8567264 0.6265769 0.5757628 0.6302232 0.5712518 0.6302232 0.5757628 0.3135884 0.4888454 0.3135884 0.4888454 0.3135884 0.4888454 0.05619019 0.8344094 0.05983585 0.8302351 0.0598365 0.8344112 0.05618959 0.8497771 0.05983614 0.842095 0.05983585 0.8497789 0.6737792 0.8138672 0.6896538 0.8138371 0.6740178 0.8522498 0.626577 0.5669375 0.625991 0.5724999 0.6259909 0.5669375 0.05618953 0.8497986 0.05983495 0.8869861 0.05618864 0.8869843 0.3135884 0.4966207 0.3135884 0.4966207 0.3135884 0.4966207 0.6265769 0.5682803 0.6302232 0.5712518 0.6265769 0.5712518 0.6265769 0.5651746 0.6302232 0.5682803 0.6265769 0.5682803 0.6302232 0.5782748 0.6265769 0.5757628 0.6302232 0.5757628 0.05983585 0.8302351 0.05618864 0.8279832 0.05983495 0.8279849 0.6265769 0.5573079 0.6302232 0.5604781 0.6265769 0.5604781 0.6265769 0.5541803 0.6302232 0.5573079 0.6265769 0.5573079 0.6302232 0.5541803 0.6265769 0.5434038 0.6302232 0.5434038 0.2826644 0.879024 0.2869138 0.8280379 0.2868967 0.8790219 0.8564645 0.5032367 0.8600602 0.4975427 0.8600053 0.5032401 0.1484979 0.8488803 0.144957 0.8587217 0.144957 0.8488804 0.7424042 0.4831268 0.7191828 0.475288 0.7430436 0.475288 0.7191828 0.4831268 0.7389512 0.4890433 0.7298712 0.4955655 0.8564389 0.5097526 0.8600053 0.5032401 0.8599797 0.509756 0.8564389 0.5208697 0.8599797 0.509756 0.8599797 0.5208731 0.8564845 0.5298606 0.8599797 0.5208731 0.8600254 0.5298641 0.1484979 0.843357 0.144957 0.8488804 0.144957 0.843357 0.8824614 0.01164257 0.9444041 0.01589381 0.8824481 0.01539021 0.8824976 0.007452428 0.9444174 0.01214617 0.8824614 0.01164257 0.8825471 0.003942549 0.9444536 0.007956027 0.8824976 0.007452428 0.8824976 0.007452428 0.8757905 0.003887593 0.8825471 0.003942549 0.8824614 0.01164257 0.8757411 0.007397472 0.8824976 0.007452428 0.8824481 0.01539021 0.8757048 0.01158761 0.8824614 0.01164257 0.7515107 0.4602876 0.7547447 0.5227839 0.7508189 0.5230614 0.7551317 0.4602614 0.7591843 0.5225638 0.7547447 0.5227839 0.7593286 0.4602411 0.7629769 0.522436 0.7591843 0.5225638 0.7593286 0.4602411 0.7629445 0.4534755 0.7629769 0.4602324 0.7551317 0.4602614 0.7592963 0.4534842 0.7593286 0.4602411 0.7515107 0.4602876 0.7550994 0.4535044 0.7551317 0.4602614 0.8824481 0.03007948 0.8824481 0.01539021 0.9444041 0.01589381 0.3078663 0.01151186 0.3151366 0.01199543 0.3082393 0.01290351 0.3075122 0.01115775 0.3140503 0.007941484 0.3078663 0.01151186 0.3075122 0.01115775 0.3070285 0.003887593 0.3110826 0.004973769 0.3075123 0.444444 0.3070286 0.4517142 0.3061205 0.444817 0.3078663 0.44409 0.3110826 0.4506279 0.3075123 0.444444 0.3078663 0.44409 0.3151366 0.4436061 0.3140503 0.4476602 0.3082393 0.01290351 0.3151366 0.2278008 0.3082393 0.2278009 0.3061205 0.01078486 0.1595433 0.00388962 0.3070285 0.003887593 0.3082393 0.4426982 0.3151366 0.2278008 0.3151366 0.4436061 0.3061205 0.444817 0.1595433 0.4517163 0.1595059 0.444819 0.01122039 0.01151597 0.003950178 0.01199972 0.005036413 0.007945775 0.01157444 0.01116186 0.005036413 0.007945775 0.008004188 0.004978001 0.01157444 0.01116186 0.01205819 0.003891706 0.01296621 0.01078891 0.01196688 0.4459513 0.01184964 0.4533244 0.007860004 0.4517428 0.01196688 0.4459513 0.00494343 0.4483808 0.01124346 0.4451175 0.01124346 0.4451175 0.003887653 0.4440922 0.01078516 0.4432569 0.0108475 0.01290768 0.003950178 0.2278051 0.003950178 0.01199972 0.01296621 0.01078891 0.1595433 0.00388962 0.1595433 0.01078689 0.01078516 0.4432569 0.003950178 0.2278051 0.0108475 0.227806 0.0131306 0.4464128 0.1595433 0.4517163 0.01184964 0.4533244 0.1595433 0.01078689 0.3082393 0.2278009 0.0108475 0.227806 0.6669635 0.4314652 0.7046505 0.4255467 0.6669635 0.4639423 0.6518231 0.5114965 0.6669635 0.5276167 0.6518233 0.527891 0.2704156 0.7398589 0.292171 0.6940942 0.292171 0.7398592 0.2694537 0.4610997 0.2916647 0.5508267 0.2694537 0.5508267 0.6518231 0.4160276 0.6565614 0.4449355 0.6518231 0.4482742 0.6669633 0.4160276 0.6565614 0.4193663 0.6518231 0.4160276 0.6669633 0.4482741 0.662225 0.4193663 0.6669633 0.4160276 0.6669633 0.4482741 0.6565614 0.4449355 0.662225 0.4449355 0.6518231 0.4482742 0.6565614 0.5081578 0.6518231 0.5114965 0.6518231 0.4482742 0.662225 0.4516128 0.6565614 0.4516128 0.6669633 0.5114964 0.662225 0.4516128 0.6669633 0.4482741 0.6669633 0.5114964 0.6565614 0.5081578 0.662225 0.5081578 0.2019762 0.8280292 0.196313 0.8441579 0.196313 0.8279832 0.8635812 0.489764 0.8418996 0.4534755 0.8635812 0.4534755 0.08214437 0.8433684 0.08780783 0.8689376 0.08214426 0.8689376 0.3003331 0.8084529 0.3059965 0.8649979 0.300333 0.8649979 0.3059965 0.7930676 0.3003331 0.8084529 0.300333 0.7930677 0.7567244 0.8451721 0.7350431 0.7649219 0.7567244 0.7649222 0.08780783 0.8279832 0.08214437 0.8433684 0.08214426 0.8279832 0.7272678 0.8451721 0.7055862 0.7649218 0.7272678 0.7649218 0.02556902 0.8642719 0.003887653 0.8279832 0.02556902 0.8279834 0.1885377 0.8280292 0.1828746 0.8441578 0.1828746 0.8279832 0.2694537 0.5508267 0.2916647 0.5508267 0.2912092 0.5965919 0.734322 0.5212289 0.7191829 0.5211058 0.7191829 0.5048759 0.2700907 0.6940939 0.2694537 0.6043673 0.292171 0.6043676 0.7046468 0.003887653 0.7114038 0.003887653 0.711404 0.01785987 0.216508 0.8417614 0.2097515 0.8417065 0.2097515 0.8279832 0.8603056 0.9846187 0.798345 0.9846686 0.8603064 0.9665508 0.798345 0.9846686 0.79835 0.8740215 0.8603064 0.9665508 0.8905101 0.8342285 0.8862777 0.8342282 0.886278 0.8295789 0.6426898 0.310161 0.642688 0.1570245 0.7046503 0.2961884 0.642688 0.1570245 0.7046486 0.1570242 0.7046503 0.2961884 0.8603064 0.9665508 0.8670634 0.9665454 0.8670626 0.9846132 0.8341243 0.4615834 0.8341243 0.4856669 0.8157287 0.4856669 0.8157287 0.4856669 0.8110274 0.4844072 0.8075857 0.4809655 0.8075857 0.4809655 0.806326 0.4762641 0.8157287 0.4856669 0.806326 0.4762641 0.806326 0.4534754 0.8260163 0.4534754 0.8341243 0.4615834 0.8260163 0.4534754 0.8300703 0.4545617 0.806326 0.4762641 0.8260163 0.4534754 0.8341243 0.4615834 0.8300703 0.4545617 0.8330381 0.4575294 0.8341243 0.4615834 0.2310506 0.8279833 0.2310403 0.8322142 0.2242833 0.832214 0.2310403 0.8322142 0.2310403 0.8370813 0.2242833 0.8370811 0.2310403 0.8370813 0.2310505 0.8412806 0.2242935 0.8412804 0.704647 0.01785993 0.711404 0.01785987 0.711404 0.03391695 0.1216233 0.8320387 0.1258557 0.8320367 0.1258582 0.8368943 0.1991248 0.8650327 0.1948924 0.8650327 0.1948924 0.8519792 0.4784023 0.6834035 0.4784023 0.8916415 0.4705634 0.8916415 0.890511 0.8142098 0.8862786 0.8142095 0.8862796 0.7937169 0.8905119 0.7937172 0.8862796 0.7937169 0.8862767 0.7774992 0.8603105 0.8739717 0.8645429 0.8739683 0.8645387 0.9665474 0.1216257 0.8412562 0.1258581 0.8412543 0.1258513 0.8583509 0.4784023 0.8916415 0.4784023 0.6834035 0.5997156 0.858997 0.4784023 0.6834035 0.6024321 0.6834035 0.6024438 0.6834228 0.4784023 0.8916415 0.5997156 0.858997 0.5852249 0.8734877 0.6024438 0.6834228 0.6181992 0.7217866 0.4784023 0.6834035 0.6181992 0.7217866 0.6178464 0.8352866 0.4784023 0.6834035 0.6178464 0.8352866 0.6173076 0.8386153 0.6138713 0.8448413 0.5997156 0.858997 0.6178464 0.8352866 0.6105837 0.848129 0.6173076 0.8386153 0.6158525 0.8421126 0.6138713 0.8448413 0.6138713 0.8448413 0.6105837 0.848129 0.6178464 0.8352866 0.5852249 0.8734877 0.5731493 0.8843557 0.5603069 0.8916037 0.5731493 0.8843557 0.5698617 0.8876434 0.5603069 0.8916037 0.5698617 0.8876434 0.567133 0.8896226 0.5603069 0.8916037 0.567133 0.8896226 0.5636357 0.8910722 0.5603069 0.8916037 0.5603069 0.8916037 0.4784023 0.8916415 0.5852249 0.8734877 0.601908 0.4517189 0.5792348 0.4453528 0.5810915 0.4365944 0.5792348 0.4453528 0.5778039 0.439882 0.5810915 0.4365944 0.9567394 0.1274836 0.9530933 0.127462 0.9530934 0.1274397 0.1216189 0.8279851 0.1258513 0.8279832 0.1258557 0.8320367 0.6113108 0.4239206 0.6185259 0.4003676 0.6340996 0.4239206 0.6185259 0.4003676 0.6218135 0.39708 0.6272323 0.3985252 0.5931671 0.4257264 0.6031678 0.428622 0.601908 0.4333233 0.5931671 0.4257264 0.6076579 0.4112356 0.6066095 0.4251803 0.6076579 0.4112356 0.6185259 0.4003676 0.6113108 0.4239206 0.6340996 0.4239206 0.6272323 0.3985252 0.6257886 0.3875252 0.6261414 0.2740253 0.6262607 0.2356421 0.6340996 0.2278033 0.6340996 0.4239206 0.6257886 0.3875252 0.6261414 0.2740253 0.8905103 0.8295792 0.886278 0.8295789 0.8862786 0.8142095 0.6302232 0.83546 0.6259909 0.83546 0.6259909 0.8299367 0.6302228 0.8931438 0.6259904 0.8931438 0.6259909 0.83546 0.8905091 0.7774995 0.8862767 0.7774992 0.8862769 0.7728499 0.4785057 0.4517189 0.4863445 0.4438802 0.5682491 0.4438424 0.5682491 0.4438424 0.5792348 0.4453528 0.601908 0.4517189 0.704647 0.01785993 0.7088793 0.01785987 0.708881 0.1570241 0.1216259 0.8368962 0.1258582 0.8368943 0.1258581 0.8412543 0.8905101 0.8342285 0.8905077 0.8375623 0.8862754 0.837562 0.8905077 0.8375623 0.8905015 0.8410733 0.8862692 0.841073 0.8905015 0.8410733 0.8904931 0.843821 0.8862608 0.8438207 0.8862769 0.7728499 0.8862749 0.7695244 0.8905072 0.7695247 0.8862749 0.7695244 0.8862689 0.7660359 0.8905013 0.7660362 0.8862689 0.7660359 0.8862608 0.7633191 0.8904931 0.7633194 0.952423 0.003887653 0.9566552 0.003912687 0.9531995 0.0883283 0.9566552 0.003912687 0.9568456 0.08834987 0.9531995 0.0883283 0.7114073 0.2961884 0.7114075 0.3101606 0.7046505 0.3101606 0.09564471 0.8549825 0.09558635 0.8412593 0.1023431 0.8412855 0.6426899 0.4255471 0.64269 0.3216274 0.7046505 0.3385964 0.64269 0.3216274 0.7046505 0.321627 0.7046505 0.3385964 0.9528914 0.2566128 0.9529213 0.2519709 0.9571534 0.251996 0.7114076 0.321627 0.7114076 0.3385964 0.7046505 0.3385964 0.7891478 0.4856669 0.7707521 0.4856669 0.7707521 0.4615834 0.7707521 0.4615834 0.7718384 0.4575294 0.7748062 0.4545617 0.7748062 0.4545617 0.7788602 0.4534754 0.7707521 0.4615834 0.7788602 0.4534754 0.7985505 0.4534754 0.7985506 0.4762641 0.7985506 0.4762641 0.7972908 0.4809655 0.7891478 0.4856669 0.7972908 0.4809655 0.7938491 0.4844072 0.7891478 0.4856669 0.7891478 0.4856669 0.7707521 0.4615834 0.7985506 0.4762641 0.09558326 0.8369131 0.10234 0.8369393 0.1023431 0.8412855 0.09560459 0.8320537 0.1023613 0.83208 0.10234 0.8369393 0.09564471 0.8279832 0.1024014 0.8280094 0.1023613 0.83208 0.1750992 0.8279831 0.1750992 0.8450797 0.1683422 0.8450854 0.7088826 0.316452 0.7088827 0.3213192 0.7046503 0.3213192 0.7088827 0.3255429 0.7088829 0.3385964 0.7046505 0.3385964 0.4784023 0.6677259 0.4705634 0.6755647 0.4705634 0.4833486 0.9526608 0.2924173 0.9527926 0.2719576 0.9570247 0.2719827 0.952549 0.3085662 0.9526608 0.2924173 0.9568929 0.2924424 0.7088829 0.3385964 0.7088829 0.4255467 0.7046505 0.4255467 0.7088826 0.2961884 0.7088826 0.3122454 0.7046503 0.3122455 0.1101953 0.8450458 0.1138415 0.8450455 0.1138436 0.8497409 0.5778039 0.01572459 0.5792348 0.01025378 0.5810915 0.01901221 0.5792348 0.01025378 0.601908 0.003887593 0.5810915 0.01901221 0.9566936 0.1436189 0.9530475 0.1435973 0.9530704 0.1355296 0.7088827 0.3213192 0.7088827 0.3255429 0.7046504 0.3255429 0.6218135 0.05852669 0.6185259 0.05523902 0.6272323 0.05708134 0.6185259 0.05523902 0.6113108 0.03168606 0.6340996 0.031686 0.601908 0.02228331 0.6031678 0.02698463 0.5931671 0.02988028 0.5931671 0.02988028 0.6031678 0.02698463 0.6066095 0.03042632 0.6076579 0.04437094 0.6066095 0.03042632 0.6113108 0.03168606 0.6257886 0.06808137 0.6272323 0.05708134 0.6340996 0.031686 0.6340996 0.031686 0.6340996 0.2278033 0.6261574 0.1866969 0.6340996 0.2278033 0.6262607 0.2199645 0.6261574 0.1866969 0.9527926 0.2719576 0.9528914 0.2566128 0.9571235 0.2566379 0.2868912 0.8953904 0.2868892 0.9012713 0.2826569 0.9012734 0.2826569 0.9012734 0.2868892 0.9012713 0.2868857 0.9117504 0.9525191 0.3132081 0.952549 0.3085662 0.9567812 0.3085913 0.5003182 0.01173287 0.4863445 0.01172643 0.4785057 0.003887593 0.4785057 0.003887593 0.601908 0.003887593 0.5682491 0.01176428 0.601908 0.003887593 0.5792348 0.01025378 0.5682491 0.01176428 0.708881 0.1570241 0.7088826 0.2961884 0.7046503 0.2961884 0.7088826 0.3122454 0.7088826 0.316452 0.7046503 0.316452 0.9529381 0.248616 0.9571702 0.248641 0.9571534 0.251996 0.952948 0.245038 0.9571801 0.2450631 0.9571702 0.248641 0.9529483 0.2421959 0.9571804 0.242221 0.9571801 0.2450631 0.9567252 0.3165268 0.9524931 0.3165017 0.9525191 0.3132081 0.95669 0.3199371 0.9524579 0.319912 0.9524931 0.3165017 0.9566552 0.3225502 0.952423 0.3225252 0.9524579 0.319912 0.9569894 0.1534872 0.9571804 0.242221 0.9533432 0.1534655 0.9571804 0.242221 0.9529483 0.2421959 0.9533432 0.1534655 0.5990985 0.6755647 0.4705634 0.6755647 0.4784023 0.6677259 0.6467109 0.8059686 0.6434018 0.7981194 0.6659553 0.7981895 0.5990985 0.6755647 0.6024321 0.6834035 0.4784023 0.6834035 0.5957649 0.6677259 0.4784023 0.6677259 0.5944906 0.6628557 0.4784023 0.6677259 0.4784023 0.4827091 0.5997382 0.6467921 0.5944906 0.6628557 0.4784023 0.6677259 0.5942133 0.6597672 0.4784023 0.4827091 0.4843187 0.4792562 0.6178464 0.5158427 0.5942133 0.6597672 0.4784023 0.6677259 0.5946931 0.6567037 0.490841 0.4701762 0.492376 0.4594942 0.5603069 0.4595257 0.5946931 0.6567037 0.4784023 0.6677259 0.5962852 0.6519275 0.4843187 0.4792562 0.490841 0.4701762 0.5603069 0.4595257 0.5962852 0.6519275 0.4784023 0.6677259 0.5977171 0.6491616 0.5977171 0.6491616 0.4784023 0.6677259 0.5997382 0.6467921 0.5603069 0.4595257 0.5636357 0.4600571 0.5698617 0.4634859 0.4843187 0.4792562 0.5852249 0.4776416 0.5997156 0.4921323 0.5636357 0.4600571 0.567133 0.4615067 0.5698617 0.4634859 0.5731493 0.4667736 0.5852249 0.4776416 0.4843187 0.4792562 0.5698617 0.4634859 0.5731493 0.4667736 0.5603069 0.4595257 0.5997382 0.6467921 0.4784023 0.4827091 0.6178464 0.5158427 0.6178464 0.5158427 0.4843187 0.4792562 0.5997156 0.4921323 0.6105837 0.5030004 0.6138713 0.5062881 0.6178464 0.5158427 0.6138713 0.5062881 0.6158525 0.5090168 0.6178464 0.5158427 0.5603069 0.4595257 0.5731493 0.4667736 0.4843187 0.4792562 0.5997156 0.4921323 0.6105837 0.5030004 0.6178464 0.5158427 0.6158525 0.5090168 0.6173076 0.512514 0.6178464 0.5158427 0.6178464 0.5158427 0.6182151 0.6344583 0.6085357 0.6400336 0.6178464 0.5158427 0.6085357 0.6400336 0.6058543 0.6417788 0.5997382 0.6467921 0.6178464 0.5158427 0.6033157 0.6437256 0.6659553 0.7981895 0.6434018 0.7981194 0.6421426 0.7932453 0.6421426 0.7932453 0.6418749 0.790156 0.6423643 0.7870939 0.6423643 0.7870939 0.6439712 0.7823228 0.6659553 0.7981895 0.6439712 0.7823228 0.6454117 0.7795614 0.6474401 0.7771981 0.6659553 0.7981895 0.6439712 0.7823228 0.6474401 0.7771981 0.6474401 0.7771981 0.6510271 0.7741428 0.6659553 0.7981895 0.6510271 0.7741428 0.6535717 0.7722039 0.6659553 0.7981895 0.6535717 0.7722039 0.6562585 0.7704671 0.6659553 0.7981895 0.6562585 0.7704671 0.6659553 0.7649218 0.6659553 0.7981895 0.6659309 0.8060283 0.6659065 0.8138671 0.6500201 0.8138177 0.04841333 0.8627874 0.04476702 0.8627874 0.04476702 0.857225 0.04841333 0.8516626 0.04476702 0.8516626 0.04476702 0.8279832 0.04841333 0.857225 0.04476702 0.857225 0.04476702 0.8516626 0.04841333 0.8899399 0.04476702 0.8899399 0.04476702 0.8627874 0.110193 0.8558218 0.1138393 0.8558215 0.1138303 0.860339 0.9566879 0.1481007 0.9530418 0.1480791 0.9530475 0.1435973 0.9567165 0.1355512 0.9530704 0.1355296 0.9530933 0.127462 0.6500319 0.813837 0.6500201 0.8138177 0.6659065 0.8138671 0.9532896 0.1285787 0.9533432 0.1534655 0.9527036 0.1285753 0.9533432 0.1534655 0.9527572 0.1534621 0.9527036 0.1285753 0.9532768 0.1227309 0.9532896 0.1285787 0.9527036 0.1285753 0.9532768 0.1227309 0.9527036 0.1285753 0.9526907 0.1227274 0.9526135 0.08832478 0.9531995 0.0883283 0.9526779 0.1168796 0.9531995 0.0883283 0.9532639 0.116883 0.9526779 0.1168796 0.9532639 0.116883 0.9532768 0.1227309 0.9526907 0.1227274 0.9568456 0.08834987 0.9567395 0.1274613 0.9530934 0.1274397 0.110193 0.8558218 0.1101967 0.8528475 0.1138429 0.8528472 0.1101967 0.8528475 0.1101973 0.8497412 0.1138436 0.8497409 0.1138303 0.860339 0.113823 0.8628564 0.1101767 0.8628567 0.9530439 0.1505678 0.9530418 0.1480791 0.9566879 0.1481007 0.1101953 0.8450458 0.1101932 0.8418768 0.1138395 0.8418765 0.1101932 0.8418768 0.11019 0.8387512 0.1138364 0.8387509 0.11019 0.8387512 0.1101767 0.8279834 0.113823 0.8279832 0.2826533 0.9117525 0.2868857 0.9117504 0.2868685 0.9626929 0.1371745 0.8601198 0.1336335 0.8601194 0.1336387 0.8538158 0.144957 0.8279832 0.1484979 0.8279832 0.1484979 0.8378337 0.7424042 0.4674492 0.7430436 0.475288 0.7191828 0.475288 0.7191828 0.4674492 0.7191893 0.4534755 0.7298712 0.4550104 0.7298712 0.4550104 0.7389512 0.4615327 0.7191828 0.4674492 0.1371797 0.8538162 0.1336387 0.8538158 0.1336407 0.8470941 0.8565194 0.4975394 0.8566468 0.5153393 0.8601876 0.5153427 0.1371816 0.8470944 0.1336407 0.8470941 0.1336394 0.8361974 0.1371804 0.8361977 0.1336394 0.8361974 0.1336335 0.827983 0.144957 0.8378337 0.1484979 0.8378337 0.1484979 0.843357 0.7983549 0.9961124 0.7983499 0.992617 0.8603104 0.9925671 0.7983499 0.992617 0.7983463 0.9884282 0.8603068 0.9883784 0.7983463 0.9884282 0.798345 0.9846686 0.8603056 0.9846187 0.8670626 0.9846132 0.8670638 0.9883729 0.8603068 0.9883784 0.8670638 0.9883729 0.8670675 0.9925616 0.8603104 0.9925671 0.8670675 0.9925616 0.8670725 0.996057 0.8603155 0.9960624 0.64269 0.3216274 0.6426899 0.3180001 0.7046505 0.3179997 0.6426899 0.3180001 0.6426899 0.3138031 0.7046505 0.3138027 0.6426899 0.3138031 0.6426898 0.310161 0.7046505 0.3101606 0.7114075 0.3101606 0.7114076 0.3138027 0.7046505 0.3138027 0.7114076 0.3138027 0.7114076 0.3179997 0.7046505 0.3179997 0.7114076 0.3179997 0.7114076 0.321627 0.7046505 0.321627 0.7046486 0.1570242 0.642688 0.1570245 0.704647 0.01785993 0.642688 0.1570245 0.6426862 0.00388807 0.704647 0.01785993 0.8756916 0.03002452 0.8756916 0.01533526 0.8824481 0.01539021 0.07436883 0.8279832 0.07436895 0.8410366 0.06761187 0.8410366 0.79835 0.8740215 0.7983549 0.7633745 0.8603147 0.7813925 0.7983549 0.7633745 0.8603155 0.7633246 0.8603147 0.7813925 0.6259915 0.700401 0.6259915 0.6957516 0.6302239 0.6957516 0.8824481 0.1763852 0.9444041 0.1768888 0.8824481 0.322691 0.9444041 0.1768888 0.9446478 0.3382866 0.8824481 0.322691 0.8670725 0.7633192 0.8670717 0.7813871 0.8603147 0.7813925 0.8157287 0.4934422 0.8341243 0.4934422 0.8341243 0.5175257 0.8341243 0.5175257 0.833038 0.5215798 0.8300703 0.5245475 0.8300703 0.5245475 0.8260163 0.5256338 0.8341243 0.5175257 0.8260163 0.5256338 0.8063259 0.5256337 0.8063259 0.5028451 0.8063259 0.5028451 0.8075856 0.4981436 0.8157287 0.4934422 0.8075856 0.4981436 0.8110273 0.494702 0.8157287 0.4934422 0.8157287 0.4934422 0.8341243 0.5175257 0.8063259 0.5028451 0.07436895 0.8452603 0.06761187 0.8452603 0.06761187 0.8410366 0.07436895 0.8501275 0.06761187 0.8501275 0.06761187 0.8452603 0.07436895 0.8543341 0.06761187 0.8543341 0.06761187 0.8501275 0.07436895 0.8543341 0.07436883 0.8703911 0.06761181 0.8703911 0.1563134 0.8509119 0.1563347 0.8460525 0.1605669 0.846069 0.1563316 0.8417064 0.1562733 0.8279832 0.1605055 0.8279996 0.4627246 0.6834035 0.4705634 0.6755647 0.4705634 0.8916415 0.6259914 0.7362635 0.6259915 0.7157706 0.6302238 0.7157706 0.6259914 0.752484 0.6259914 0.7362635 0.6302238 0.7362635 0.864547 0.7813891 0.8645429 0.8739683 0.8603105 0.8739717 0.2430582 0.8279832 0.2430582 0.8450797 0.2388258 0.8450833 0.3386949 0.6834035 0.4627246 0.6834035 0.3386831 0.6834228 0.4627246 0.6834035 0.4627246 0.8916415 0.3414113 0.858997 0.3414113 0.858997 0.4627246 0.8916415 0.355902 0.8734877 0.4627246 0.8916415 0.38082 0.8916037 0.355902 0.8734877 0.38082 0.8916037 0.3774912 0.8910722 0.3712652 0.8876434 0.3774912 0.8910722 0.3739939 0.8896226 0.3712652 0.8876434 0.3679776 0.8843557 0.355902 0.8734877 0.38082 0.8916037 0.3712652 0.8876434 0.3679776 0.8843557 0.38082 0.8916037 0.3229277 0.7217866 0.4627246 0.6834035 0.3232805 0.8352866 0.3229277 0.7217866 0.3386831 0.6834228 0.4627246 0.6834035 0.3238194 0.8386153 0.3232805 0.8352866 0.3272556 0.8448413 0.3272556 0.8448413 0.3232805 0.8352866 0.3305432 0.848129 0.3272556 0.8448413 0.3252744 0.8421126 0.3238194 0.8386153 0.3414113 0.858997 0.3305432 0.848129 0.3232805 0.8352866 0.3792074 0.439882 0.3777765 0.4453528 0.3759198 0.4365944 0.3777765 0.4453528 0.3551033 0.4517189 0.3759198 0.4365944 0.05618953 0.8497986 0.05618959 0.8497771 0.05983585 0.8497789 0.1563347 0.8460525 0.1563316 0.8417064 0.1605638 0.8417228 0.3351978 0.39708 0.3384854 0.4003676 0.329779 0.3985252 0.3384854 0.4003676 0.3457005 0.4239206 0.3229118 0.4239206 0.3551033 0.4333233 0.3538436 0.428622 0.3638442 0.4257264 0.3638442 0.4257264 0.3538436 0.428622 0.3504019 0.4251803 0.3493535 0.4112356 0.3504019 0.4251803 0.3457005 0.4239206 0.3312227 0.3875252 0.329779 0.3985252 0.3229118 0.4239206 0.3229118 0.4239206 0.3229118 0.2278033 0.3308699 0.2740253 0.3229118 0.2278033 0.3307507 0.2356421 0.3308699 0.2740253 0.6259915 0.7157706 0.6259915 0.700401 0.6302239 0.700401 0.6259909 0.8299367 0.6259909 0.8244134 0.6302233 0.8244134 0.6259909 0.8244134 0.6259914 0.766676 0.6302238 0.766676 0.6259914 0.7571334 0.6259914 0.752484 0.6302238 0.752484 0.3887622 0.4438424 0.4706668 0.4438802 0.4785057 0.4517189 0.4785057 0.4517189 0.3551033 0.4517189 0.3887622 0.4438424 0.8782161 0.1763508 0.8782161 0.03004503 0.8824481 0.03007948 0.1562733 0.8549825 0.1563134 0.8509119 0.1605455 0.8509284 0.6259915 0.6924194 0.6302239 0.6924194 0.6302239 0.6957516 0.6259915 0.6889125 0.6302239 0.6889125 0.6302239 0.6924194 0.6259915 0.6861707 0.6302239 0.6861707 0.6302239 0.6889125 0.6302238 0.7604605 0.6259914 0.7604604 0.6259914 0.7571334 0.6302238 0.7639533 0.6259914 0.7639533 0.6259914 0.7604604 0.6302238 0.766676 0.6259914 0.766676 0.6259914 0.7639533 0.6302235 0.6053829 0.6302239 0.6861707 0.6265772 0.6053829 0.6302239 0.6861707 0.6259915 0.6861707 0.6265772 0.6053829 0.8824481 0.3373804 0.8756916 0.3373254 0.8756916 0.3226361 0.7046504 0.4994435 0.7114074 0.4994434 0.7114076 0.512497 0.6518233 0.527891 0.6418749 0.5307525 0.6518233 0.464035 0.6418749 0.5307525 0.6426899 0.4255471 0.6518233 0.464035 0.6426899 0.4255471 0.6669635 0.4314652 0.6518233 0.4314653 0.2826453 0.7569363 0.2868776 0.7569341 0.2868803 0.7615743 0.7046505 0.512497 0.7114076 0.512497 0.7114076 0.5294663 0.7707521 0.5175257 0.7707521 0.4934422 0.7891478 0.4934422 0.7891478 0.4934422 0.7938491 0.4947019 0.7972908 0.4981436 0.7972908 0.4981436 0.7985506 0.502845 0.7891478 0.4934422 0.7985506 0.502845 0.7985505 0.5256337 0.7788602 0.5256337 0.7707521 0.5175257 0.7788602 0.5256337 0.7748062 0.5245475 0.7985506 0.502845 0.7788602 0.5256337 0.7707521 0.5175257 0.7748062 0.5245475 0.7718384 0.5215797 0.7707521 0.5175257 0.8419065 0.5279101 0.841902 0.5238565 0.8486591 0.5238535 0.841902 0.5238565 0.8418996 0.5189989 0.8486566 0.5189959 0.8418996 0.5189989 0.8418997 0.514639 0.8486567 0.5146359 0.8419065 0.4975424 0.8486635 0.4975394 0.8486567 0.5146359 0.187117 0.8610457 0.1828848 0.8610456 0.1828848 0.8561784 0.2139835 0.8632945 0.2097515 0.8632601 0.2097515 0.8495367 0.4627246 0.6677259 0.4627246 0.4827091 0.4705634 0.4833486 0.2826567 0.7769157 0.2868891 0.7769135 0.2869009 0.7973659 0.2826685 0.7973681 0.2869009 0.7973659 0.2869094 0.813611 0.7046505 0.4255467 0.7088829 0.4255467 0.7088829 0.512497 0.2242833 0.8490559 0.2285157 0.8490558 0.2285157 0.865113 0.6265769 0.5651746 0.6265769 0.5604781 0.6302232 0.5604781 0.3551033 0.003887593 0.3777765 0.01025378 0.3759198 0.01901221 0.3777765 0.01025378 0.3792074 0.01572459 0.3759198 0.01901221 0.05618989 0.8420932 0.05619019 0.8344094 0.0598365 0.8344112 0.1871069 0.8652765 0.1828745 0.8652764 0.1828848 0.8610456 0.3457005 0.03168606 0.3384854 0.05523902 0.3229118 0.031686 0.3384854 0.05523902 0.3351978 0.05852669 0.329779 0.05708134 0.3638442 0.02988028 0.3538436 0.02698463 0.3551033 0.02228331 0.3638442 0.02988028 0.3493535 0.04437094 0.3504019 0.03042632 0.3493535 0.04437094 0.3384854 0.05523902 0.3457005 0.03168606 0.3229118 0.031686 0.329779 0.05708134 0.3312227 0.06808137 0.3312227 0.06808137 0.3308541 0.1866969 0.3229118 0.031686 0.3308541 0.1866969 0.3307507 0.2199645 0.3229118 0.2278033 0.2826479 0.7615765 0.2868803 0.7615743 0.2868891 0.7769135 0.2826609 0.8895117 0.2868932 0.8895096 0.2868912 0.8953904 0.2826609 0.8895117 0.2826644 0.879024 0.2868967 0.8790219 0.282677 0.8136132 0.2869094 0.813611 0.286912 0.8182513 0.4785057 0.003887593 0.4706668 0.01172643 0.4566931 0.01173287 0.4566931 0.01173287 0.3887622 0.01176428 0.4785057 0.003887593 0.3887622 0.01176428 0.3777765 0.01025378 0.3551033 0.003887593 0.8824481 0.322691 0.8782161 0.3226566 0.8782161 0.1763508 0.187117 0.8561785 0.1828848 0.8561784 0.1828745 0.8519791 0.2826453 0.7569363 0.2826429 0.7536457 0.2868753 0.7536436 0.2826429 0.7536457 0.2826395 0.7502418 0.2868719 0.7502397 0.2826395 0.7502418 0.2826361 0.7476366 0.2868685 0.7476344 0.286912 0.8182513 0.2869135 0.821607 0.2826811 0.8216091 0.2869135 0.821607 0.2869141 0.8251892 0.2826818 0.8251913 0.2869141 0.8251892 0.2869138 0.8280379 0.2826815 0.8280401 0.6259905 0.4594943 0.6302228 0.4594943 0.6265769 0.5434038 0.6302228 0.4594943 0.6302232 0.5434038 0.6265769 0.5434038 0.4627246 0.6677259 0.4705634 0.6755647 0.3420284 0.6755647 0.6737304 0.7981896 0.6962839 0.7981195 0.6929747 0.8059687 0.3420284 0.6755647 0.4705634 0.6755647 0.4627246 0.6834035 0.4627246 0.4827091 0.4627246 0.6677259 0.3413887 0.6467921 0.4627246 0.6677259 0.345362 0.6677259 0.3466363 0.6628557 0.4627246 0.6677259 0.3466363 0.6628557 0.3469136 0.6597672 0.4568081 0.4792562 0.4627246 0.4827091 0.3232805 0.5158427 0.4627246 0.6677259 0.3469136 0.6597672 0.3464338 0.6567037 0.4627246 0.6677259 0.3464338 0.6567037 0.3448417 0.6519275 0.38082 0.4595257 0.4487509 0.4594942 0.4502859 0.4701762 0.4502859 0.4701762 0.4568081 0.4792562 0.38082 0.4595257 0.4627246 0.6677259 0.3448417 0.6519275 0.3434098 0.6491616 0.4627246 0.6677259 0.3434098 0.6491616 0.3413887 0.6467921 0.3774912 0.4600571 0.38082 0.4595257 0.3712652 0.4634859 0.355902 0.4776416 0.4568081 0.4792562 0.3414113 0.4921323 0.3712652 0.4634859 0.3739939 0.4615067 0.3774912 0.4600571 0.355902 0.4776416 0.3679776 0.4667736 0.4568081 0.4792562 0.4568081 0.4792562 0.3232805 0.5158427 0.3414113 0.4921323 0.3679776 0.4667736 0.3712652 0.4634859 0.38082 0.4595257 0.4627246 0.4827091 0.3413887 0.6467921 0.3232805 0.5158427 0.3679776 0.4667736 0.38082 0.4595257 0.4568081 0.4792562 0.3252744 0.5090168 0.3272556 0.5062881 0.3232805 0.5158427 0.3272556 0.5062881 0.3305432 0.5030004 0.3232805 0.5158427 0.3305432 0.5030004 0.3414113 0.4921323 0.3232805 0.5158427 0.3232805 0.5158427 0.3238194 0.512514 0.3252744 0.5090168 0.3325913 0.6400336 0.3229118 0.6344583 0.3232805 0.5158427 0.3352726 0.6417788 0.3325913 0.6400336 0.3232805 0.5158427 0.3232805 0.5158427 0.3413887 0.6467921 0.3378112 0.6437256 0.6975431 0.7932454 0.6962839 0.7981195 0.6737304 0.7981896 0.6737304 0.7981896 0.6737304 0.7649219 0.6834272 0.7704671 0.6834272 0.7704671 0.686114 0.7722039 0.6737304 0.7981896 0.686114 0.7722039 0.6886586 0.7741429 0.6737304 0.7981896 0.6886586 0.7741429 0.6922456 0.7771981 0.6737304 0.7981896 0.6922456 0.7771981 0.694274 0.7795615 0.6957145 0.7823228 0.6737304 0.7981896 0.6922456 0.7771981 0.6957145 0.7823228 0.6957145 0.7823228 0.6973214 0.787094 0.6737304 0.7981896 0.6973214 0.787094 0.6978108 0.7901561 0.6975431 0.7932454 0.6737548 0.8060284 0.6929747 0.8059687 0.6896656 0.8138177 0.03334432 0.8625447 0.03334432 0.8566968 0.03699034 0.8567264 0.03334569 0.8931417 0.03334432 0.8683925 0.03699034 0.8684222 0.03334432 0.8683925 0.03334432 0.8625447 0.03699034 0.8625743 0.03334432 0.8566968 0.03334563 0.8279831 0.03699171 0.8280127 0.6265769 0.5757628 0.6265769 0.5712518 0.6302232 0.5712518 0.05619019 0.8344094 0.05618953 0.8302333 0.05983585 0.8302351 0.05618959 0.8497771 0.05618989 0.8420932 0.05983614 0.842095 0.6737792 0.8138672 0.6896656 0.8138177 0.6896538 0.8138371 0.626577 0.5780623 0.6265772 0.6053829 0.625991 0.5780623 0.6265772 0.6053829 0.6259911 0.6053829 0.625991 0.5780623 0.626577 0.5724999 0.626577 0.5780623 0.625991 0.5780623 0.626577 0.5724999 0.625991 0.5780623 0.625991 0.5724999 0.6259908 0.5434038 0.6265769 0.5434038 0.6259909 0.5669375 0.6265769 0.5434038 0.626577 0.5669375 0.6259909 0.5669375 0.626577 0.5669375 0.626577 0.5724999 0.625991 0.5724999 0.05618953 0.8497986 0.05983585 0.8498005 0.05983495 0.8869861 0.6265769 0.5682803 0.6302232 0.5682803 0.6302232 0.5712518 0.6265769 0.5651746 0.6302232 0.5651747 0.6302232 0.5682803 0.6302232 0.5782748 0.6265769 0.5782747 0.6265769 0.5757628 0.05983585 0.8302351 0.05618953 0.8302333 0.05618864 0.8279832 0.6265769 0.5573079 0.6302232 0.5573079 0.6302232 0.5604781 0.6265769 0.5541803 0.6302232 0.5541803 0.6302232 0.5573079 0.6302232 0.5541803 0.6265769 0.5541803 0.6265769 0.5434038 0.2826644 0.879024 0.2826815 0.8280401 0.2869138 0.8280379 0.8564645 0.5032367 0.8565194 0.4975394 0.8600602 0.4975427 0.1484979 0.8488803 0.1484979 0.8587217 0.144957 0.8587217 0.7424042 0.4831268 0.7191828 0.4831268 0.7191828 0.475288 0.7298712 0.4955655 0.7191893 0.4971005 0.7191828 0.4831268 0.7191828 0.4831268 0.7424042 0.4831268 0.7389512 0.4890433 0.8564389 0.5097526 0.8564645 0.5032367 0.8600053 0.5032401 0.8564389 0.5208697 0.8564389 0.5097526 0.8599797 0.509756 0.8564845 0.5298606 0.8564389 0.5208697 0.8599797 0.5208731 0.1484979 0.843357 0.1484979 0.8488803 0.144957 0.8488804 0.8824614 0.01164257 0.9444174 0.01214617 0.9444041 0.01589381 0.8824976 0.007452428 0.9444536 0.007956027 0.9444174 0.01214617 0.8825471 0.003942549 0.9445031 0.004446148 0.9444536 0.007956027 0.8824976 0.007452428 0.8757411 0.007397472 0.8757905 0.003887593 0.8824614 0.01164257 0.8757048 0.01158761 0.8757411 0.007397472 0.8824481 0.01539021 0.8756916 0.01533526 0.8757048 0.01158761 0.7515107 0.4602876 0.7551317 0.4602614 0.7547447 0.5227839 0.7551317 0.4602614 0.7593286 0.4602411 0.7591843 0.5225638 0.7593286 0.4602411 0.7629769 0.4602324 0.7629769 0.522436 0.7593286 0.4602411 0.7592963 0.4534842 0.7629445 0.4534755 0.7551317 0.4602614 0.7550994 0.4535044 0.7592963 0.4534842 0.7515107 0.4602876 0.7514784 0.4535306 0.7550994 0.4535044 0.9444041 0.01589381 0.9444041 0.1768888 0.8824481 0.03007948 0.9444041 0.1768888 0.8824481 0.1763852 0.8824481 0.03007948 0.3078663 0.01151186 0.3140503 0.007941484 0.3151366 0.01199543 0.3075122 0.01115775 0.3110826 0.004973769 0.3140503 0.007941484 0.3075122 0.01115775 0.3061205 0.01078486 0.3070285 0.003887593 0.3075123 0.444444 0.3110826 0.4506279 0.3070286 0.4517142 0.3078663 0.44409 0.3140503 0.4476602 0.3110826 0.4506279 0.3078663 0.44409 0.3082393 0.4426982 0.3151366 0.4436061 0.3082393 0.01290351 0.3151366 0.01199543 0.3151366 0.2278008 0.3061205 0.01078486 0.1595433 0.01078689 0.1595433 0.00388962 0.3082393 0.4426982 0.3082393 0.2278009 0.3151366 0.2278008 0.3061205 0.444817 0.3070286 0.4517142 0.1595433 0.4517163 0.01122039 0.01151597 0.0108475 0.01290768 0.003950178 0.01199972 0.01157444 0.01116186 0.01122039 0.01151597 0.005036413 0.007945775 0.01157444 0.01116186 0.008004188 0.004978001 0.01205819 0.003891706 0.01196688 0.4459513 0.0131306 0.4464128 0.01184964 0.4533244 0.01196688 0.4459513 0.007860004 0.4517428 0.00494343 0.4483808 0.01124346 0.4451175 0.00494343 0.4483808 0.003887653 0.4440922 0.0108475 0.01290768 0.0108475 0.227806 0.003950178 0.2278051 0.01296621 0.01078891 0.01205819 0.003891706 0.1595433 0.00388962 0.01078516 0.4432569 0.003887653 0.4440922 0.003950178 0.2278051 0.0131306 0.4464128 0.1595059 0.444819 0.1595433 0.4517163 0.1595433 0.01078689 0.3061205 0.01078486 0.3082393 0.01290351 0.3061205 0.01078486 0.3075122 0.01115775 0.3078663 0.01151186 0.3082393 0.01290351 0.3061205 0.01078486 0.3078663 0.01151186 0.3082393 0.2278009 0.3082393 0.4426982 0.1595059 0.444819 0.3082393 0.4426982 0.3078663 0.44409 0.3075123 0.444444 0.1595059 0.444819 0.3082393 0.4426982 0.3061205 0.444817 0.3082393 0.01290351 0.3082393 0.2278009 0.1595433 0.01078689 0.01296621 0.01078891 0.1595433 0.01078689 0.0108475 0.01290768 0.01122039 0.01151597 0.01157444 0.01116186 0.01296621 0.01078891 0.0108475 0.227806 0.0108475 0.01290768 0.1595433 0.01078689 0.0108475 0.01290768 0.01122039 0.01151597 0.01296621 0.01078891 0.01124346 0.4451175 0.01078516 0.4432569 0.0131306 0.4464128 0.01078516 0.4432569 0.0108475 0.227806 0.1595059 0.444819 0.0131306 0.4464128 0.01196688 0.4459513 0.01124346 0.4451175 0.3075123 0.444444 0.3061205 0.444817 0.3082393 0.4426982 0.1595059 0.444819 0.0131306 0.4464128 0.01078516 0.4432569 0.1595059 0.444819 0.0108475 0.227806 0.3082393 0.2278009 0.6669635 0.4314652 0.6426899 0.4255471 0.7046505 0.4255467 0.7046505 0.4255467 0.7046505 0.512497 0.6669635 0.4639423 0.7046505 0.512497 0.7046505 0.5294664 0.6669635 0.5276167 0.6669635 0.4639423 0.7046505 0.512497 0.6669635 0.5276167 0.7046505 0.5294664 0.6418749 0.5307525 0.6669635 0.5276167 0.6418749 0.5307525 0.6518233 0.527891 0.6669635 0.5276167 0.6518231 0.5114965 0.6669633 0.5114964 0.6669635 0.5276167 0.2704156 0.7398589 0.2700907 0.6940939 0.292171 0.6940942 0.2694537 0.4610997 0.2925577 0.4610997 0.2916647 0.5508267 0.6518231 0.4160276 0.6565614 0.4193663 0.6565614 0.4449355 0.6669633 0.4160276 0.662225 0.4193663 0.6565614 0.4193663 0.6669633 0.4482741 0.662225 0.4449355 0.662225 0.4193663 0.6669633 0.4482741 0.6518231 0.4482742 0.6565614 0.4449355 0.6518231 0.4482742 0.6565614 0.4516128 0.6565614 0.5081578 0.6518231 0.4482742 0.6669633 0.4482741 0.662225 0.4516128 0.6669633 0.5114964 0.662225 0.5081578 0.662225 0.4516128 0.6669633 0.5114964 0.6518231 0.5114965 0.6565614 0.5081578 0.2019762 0.8280292 0.2019762 0.8442039 0.196313 0.8441579 0.8635812 0.489764 0.8418996 0.489764 0.8418996 0.4534755 0.08214437 0.8433684 0.08780795 0.8433684 0.08780783 0.8689376 0.3003331 0.8084529 0.3059967 0.8084529 0.3059965 0.8649979 0.3059965 0.7930676 0.3059967 0.8084529 0.3003331 0.8084529 0.7567244 0.8451721 0.7350431 0.8451718 0.7350431 0.7649219 0.08780783 0.8279832 0.08780795 0.8433684 0.08214437 0.8433684 0.7272678 0.8451721 0.7055862 0.8451721 0.7055862 0.7649218 0.02556902 0.8642719 0.003887653 0.8642716 0.003887653 0.8279832 0.1885377 0.8280292 0.1885377 0.8442039 0.1828746 0.8441578</float_array>
          <technique_common>
            <accessor source="#Plane_007-mesh-map-0-array" count="2454" stride="2">
              <param name="S" type="float"/>
              <param name="T" type="float"/>
            </accessor>
          </technique_common>
        </source>
        <source id="Plane_007-mesh-map-1">
          <float_array id="Plane_007-mesh-map-1-array" count="4908">0.2694538 0.550827 0.2912093 0.5965922 0.2694538 0.5965922 0.7191832 0.504876 0.7343223 0.521229 0.7191832 0.521106 0.2700908 0.6940941 0.2921711 0.6043678 0.2921711 0.6940944 0.6486359 0.5307526 0.6418787 0.5167804 0.6486358 0.5167803 0.2212756 0.8279836 0.2280322 0.8417618 0.2212756 0.8417069 0.867068 0.8854101 0.8051075 0.88546 0.8051116 0.792881 0.886263 0.7729119 0.8904952 0.7775616 0.8862628 0.7775612 0.6486324 0.2384518 0.6486322 0.2244796 0.7105928 0.2244792 0.8051116 0.792881 0.7983554 0.7748185 0.8051124 0.774813 0.8341247 0.4615836 0.815729 0.4856671 0.8063263 0.4762643 0.2358075 0.8412808 0.2425747 0.8370501 0.2425645 0.841281 0.2358177 0.83705 0.2425747 0.832183 0.2425747 0.8370501 0.2358177 0.8321828 0.2425645 0.8279837 0.2425747 0.832183 0.6486358 0.5167803 0.6418787 0.5007233 0.6486358 0.5007233 0.1373779 0.8542977 0.1331431 0.8494421 0.1373754 0.8494402 0.210649 0.8650332 0.2064166 0.8519796 0.210649 0.8519797 0.4784025 0.6834037 0.4705637 0.8916419 0.4705637 0.675565 0.8862621 0.7929307 0.8904936 0.8134235 0.8862612 0.8134232 0.8862612 0.8134232 0.8904964 0.8296412 0.8862641 0.8296409 0.8051075 0.88546 0.8008792 0.7928844 0.8051116 0.792881 0.1373755 0.8450801 0.13315 0.8279855 0.1373824 0.8279836 0.5997159 0.8589973 0.4784025 0.6834037 0.6178467 0.8352869 0.5810918 0.4365945 0.6019083 0.4333235 0.6019083 0.4517191 0.9528646 0.1989545 0.9565106 0.1989983 0.9528645 0.1989767 0.1373824 0.8583513 0.1331456 0.8542996 0.1373779 0.8542977 0.626261 0.2356422 0.626261 0.2278034 0.6340998 0.2278034 0.6340998 0.4239207 0.6185262 0.4003677 0.6272326 0.3985254 0.5931674 0.4257265 0.6019083 0.4333235 0.5810918 0.4365945 0.5931674 0.4257265 0.6066097 0.4251804 0.6031681 0.4286221 0.6076581 0.4112358 0.6113111 0.4239207 0.6066097 0.4251804 0.6261417 0.2740254 0.6340998 0.2278034 0.6340998 0.4239207 0.4785059 0.4438803 0.4863447 0.4438803 0.4785059 0.4517191 0.8862628 0.7775612 0.8904945 0.792931 0.8862621 0.7929307 0.6302236 0.8354603 0.6259912 0.8299369 0.6302236 0.8299369 0.6302232 0.8931441 0.6259912 0.8354603 0.6302236 0.8354603 0.8862641 0.8296409 0.8904962 0.8342906 0.8862639 0.8342903 0.5682494 0.4438425 0.6019083 0.4517191 0.4785059 0.4517191 0.6486358 0.5167803 0.6444017 0.3776161 0.6486341 0.3776161 0.1373754 0.8494402 0.1331432 0.8450821 0.1373755 0.8450801 0.5682494 0.4438425 0.5715782 0.443311 0.5792351 0.4453529 0.5715782 0.443311 0.5750754 0.4418614 0.5792351 0.4453529 0.5750754 0.4418614 0.5778042 0.4398822 0.5792351 0.4453529 0.6218138 0.3970801 0.623795 0.3943514 0.6272326 0.3985254 0.623795 0.3943514 0.6252501 0.3908541 0.6272326 0.3985254 0.6252501 0.3908541 0.6257889 0.3875253 0.6272326 0.3985254 0.886263 0.7729119 0.8904978 0.7695785 0.8904954 0.7729122 0.8862654 0.7695781 0.890504 0.7660673 0.8904978 0.7695785 0.8862716 0.766067 0.8905124 0.7633197 0.890504 0.7660673 0.8904962 0.8342906 0.8862659 0.8376157 0.8862639 0.8342903 0.8904983 0.837616 0.8862718 0.8411042 0.8862659 0.8376157 0.8905042 0.8411045 0.88628 0.843821 0.8862718 0.8411042 0.9564045 0.2381098 0.9569905 0.2381133 0.9571809 0.3225506 0.6418753 0.2384518 0.6486322 0.2244796 0.6486324 0.2384518 0.1023401 0.8280097 0.09564167 0.8417068 0.09558331 0.8279835 0.6486322 0.1960438 0.6486322 0.1090934 0.7105928 0.1090931 0.9567126 0.06982505 0.9524505 0.07444185 0.9524804 0.06979995 0.6418751 0.2130132 0.6486322 0.1960438 0.6486322 0.2130132 0.798551 0.4762643 0.7707526 0.4615836 0.7788606 0.4534756 0.1024015 0.8460791 0.09564167 0.8417068 0.1023984 0.841733 0.1023801 0.8509385 0.09564477 0.8460529 0.1024015 0.8460791 0.1023401 0.8550091 0.09562343 0.8509123 0.1023801 0.8509385 0.1798663 0.8450858 0.1866233 0.8279835 0.1866233 0.8450801 0.6444 0.2181882 0.6486324 0.213321 0.6486324 0.2181882 0.6444 0.2090973 0.6486322 0.1960438 0.6486323 0.2090973 0.4784025 0.6677261 0.4705637 0.4833487 0.4784025 0.4827093 0.9569432 0.03402054 0.9525793 0.05445516 0.9527111 0.03399544 0.957055 0.01787161 0.9527111 0.03399544 0.9528228 0.01784652 0.6443998 0.1960438 0.6486322 0.1090934 0.6486322 0.1960438 0.6444 0.2384518 0.6486324 0.2223947 0.6486324 0.2384518 0.1101954 0.8450462 0.1138437 0.8497413 0.1101974 0.8497416 0.6019083 0.003887593 0.6019083 0.02228325 0.5810918 0.01901221 0.9529104 0.1828191 0.9565336 0.1909084 0.9528875 0.1908868 0.6444 0.213321 0.6486323 0.2090973 0.6486324 0.213321 0.626261 0.2199646 0.6340998 0.2278034 0.626261 0.2278034 0.6272326 0.05708134 0.6185262 0.05523902 0.6340998 0.031686 0.6019083 0.02228325 0.5931674 0.02988028 0.5810918 0.01901221 0.5931674 0.02988028 0.6066097 0.03042632 0.6076581 0.04437094 0.6076581 0.04437094 0.6113111 0.03168606 0.6185262 0.05523902 0.6261576 0.186697 0.6257889 0.06808137 0.6340998 0.031686 0.4785059 0.01172643 0.4785059 0.003887593 0.4863447 0.01172643 0.9568114 0.05448025 0.9524804 0.06979995 0.9525793 0.05445516 0.2826591 0.8149395 0.2868935 0.8090565 0.2868915 0.8149374 0.2868935 0.8090565 0.2826647 0.7985796 0.286897 0.7985774 0.9570848 0.01322972 0.9528228 0.01784652 0.9528527 0.01320463 0.5682494 0.01176422 0.5003184 0.01173287 0.4785059 0.003887593 0.6444017 0.3776161 0.6486324 0.2384518 0.6486341 0.3776161 0.6444 0.2223948 0.6486324 0.2181882 0.6486324 0.2223947 0.5682494 0.01176422 0.5792351 0.01025378 0.5715782 0.01229578 0.5715782 0.01229578 0.5792351 0.01025378 0.5750754 0.01374536 0.5750754 0.01374536 0.5792351 0.01025378 0.5778042 0.01572459 0.6218138 0.05852669 0.6272326 0.05708134 0.623795 0.06125539 0.623795 0.06125539 0.6272326 0.05708134 0.6252501 0.06475263 0.6252501 0.06475263 0.6272326 0.05708134 0.6257889 0.06808137 0.9566659 0.07782191 0.9524505 0.07444185 0.9566826 0.07446694 0.956656 0.08139973 0.9524338 0.07779681 0.9566659 0.07782191 0.9566557 0.08424192 0.9524239 0.0813747 0.956656 0.08139973 0.9528788 0.00991106 0.9570848 0.01322972 0.9528527 0.01320463 0.9529139 0.00650078 0.9571109 0.009936153 0.9528788 0.00991106 0.9529488 0.003887653 0.9571461 0.006525874 0.9529139 0.00650078 0.9566557 0.08424192 0.9568468 0.1729759 0.9562608 0.1729725 0.5990988 0.675565 0.4784025 0.6677261 0.5957652 0.6677261 0.6467113 0.8059689 0.6659556 0.7981898 0.6659312 0.8060286 0.5990988 0.675565 0.4784025 0.6834037 0.4705637 0.675565 0.6178467 0.5158429 0.6058546 0.6417791 0.603316 0.6437259 0.6659556 0.7981898 0.6421429 0.7932456 0.6423646 0.7870942 0.6659312 0.8060286 0.6500205 0.813818 0.6467113 0.8059689 0.04841333 0.8627878 0.04476702 0.8572254 0.04841333 0.8572254 0.04841333 0.851663 0.04476708 0.8279835 0.04841333 0.8279836 0.04841333 0.8572254 0.04476702 0.8516629 0.04841333 0.851663 0.04841333 0.8899403 0.04476702 0.8627877 0.04841333 0.8627878 0.1101931 0.8558222 0.1138305 0.8603395 0.1101842 0.8603398 0.3135885 0.4732949 0.3135885 0.4732949 0.3135885 0.4732949 0.9529161 0.1783373 0.9565565 0.1828407 0.9529104 0.1828191 0.9528875 0.1908868 0.9565107 0.1989761 0.9528646 0.1989545 0.6500322 0.8138374 0.6659069 0.8138674 0.6656683 0.85225 0.9569132 0.2037106 0.9569261 0.2095584 0.9563401 0.209555 0.9527584 0.2380882 0.9565106 0.1989983 0.9564045 0.2381098 0.3135885 0.4810702 0.3135885 0.4810702 0.3135885 0.4810702 0.1101931 0.8558222 0.113843 0.8528476 0.1138394 0.8558219 0.1101967 0.8528479 0.1138437 0.8497413 0.113843 0.8528476 0.1138305 0.8603395 0.1101768 0.8628572 0.1101842 0.8603398 0.9565601 0.1758702 0.9529161 0.1783373 0.952914 0.1758486 0.1101954 0.8450462 0.1138396 0.841877 0.1138417 0.8450459 0.1101933 0.8418773 0.1138364 0.8387513 0.1138396 0.841877 0.1101902 0.8387516 0.1138231 0.8279836 0.1138364 0.8387513 0.286897 0.7985774 0.2826818 0.7476371 0.2869142 0.747635 0.1486987 0.8601204 0.1451629 0.8538164 0.1487039 0.8538168 0.1600221 0.858722 0.1564812 0.8488715 0.1600221 0.8488715 0.7424045 0.4674494 0.7191832 0.4752882 0.7191832 0.4674494 0.7389516 0.4615328 0.7424045 0.4674494 0.7191832 0.4674494 0.1487039 0.8538168 0.1451649 0.8470947 0.1487058 0.847095 0.1252873 0.8603083 0.121619 0.8425049 0.1217465 0.8603049 0.1487058 0.847095 0.1451636 0.836198 0.1487045 0.8361983 0.1487045 0.8361983 0.1451577 0.8279836 0.1486987 0.827984 0.1600221 0.8488715 0.1564812 0.8433482 0.1600221 0.8433482 0.8670631 0.7633194 0.8051075 0.7668647 0.8051025 0.7633693 0.8670681 0.7668148 0.8051112 0.7710534 0.8051075 0.7668647 0.8670718 0.7710035 0.8051124 0.774813 0.8051112 0.7710534 0.7983554 0.7748185 0.8051112 0.7710534 0.8051124 0.774813 0.7983542 0.7710588 0.8051075 0.7668647 0.8051112 0.7710534 0.7983505 0.7668702 0.8051025 0.7633693 0.8051075 0.7668647 0.7105928 0.2130128 0.6486322 0.2166405 0.6486322 0.2130132 0.7105928 0.2166401 0.6486322 0.2208375 0.6486322 0.2166405 0.7105928 0.2208371 0.6486322 0.2244796 0.6486322 0.2208375 0.6418752 0.2244796 0.6486322 0.2208375 0.6486322 0.2244796 0.6418752 0.2208375 0.6486322 0.2166405 0.6486322 0.2208375 0.6418751 0.2166405 0.6486322 0.2130132 0.6486322 0.2166405 0.7105965 0.5307522 0.6486359 0.5307526 0.6486358 0.5167803 0.9446482 0.3121503 0.9378917 0.3267846 0.9378917 0.3120954 0.06761193 0.8703916 0.07436895 0.8573381 0.07436901 0.8703916 0.8051033 0.978039 0.8051075 0.88546 0.867068 0.8854101 0.6259918 0.7004012 0.6302242 0.6957518 0.6302242 0.7004012 0.875692 0.003887653 0.9378917 0.004793941 0.9378917 0.01948326 0.7983455 0.9961124 0.8051033 0.978039 0.8051025 0.9961069 0.8063263 0.5028452 0.8341247 0.5175259 0.8260167 0.5256339 0.06761187 0.8531144 0.07436895 0.8573381 0.06761187 0.8573381 0.06761187 0.8482472 0.07436889 0.8531144 0.06761187 0.8531144 0.06761187 0.8440406 0.07436889 0.8482472 0.06761187 0.8482472 0.06761187 0.8440406 0.07436901 0.8279836 0.07436889 0.8440406 0.172051 0.8320705 0.1677974 0.8369134 0.1678188 0.8320541 0.1720327 0.841276 0.1678588 0.8549829 0.1678005 0.8412596 0.4627248 0.6834037 0.4705637 0.8916419 0.4627248 0.8916419 0.6259918 0.7362636 0.6302242 0.7157709 0.6302242 0.7362636 0.6259918 0.7524842 0.6302242 0.7362636 0.6302241 0.7524842 0.800871 0.9780424 0.8051075 0.88546 0.8051033 0.978039 0.8564392 0.5146397 0.8606716 0.4975395 0.8606716 0.5146361 0.4627248 0.6834037 0.3414114 0.8589973 0.3232806 0.8352869 0.3551034 0.4517191 0.3551034 0.4333235 0.37592 0.4365945 0.05618959 0.849799 0.05983591 0.8497793 0.05983591 0.8498009 0.1720296 0.8369299 0.1678005 0.8412596 0.1677974 0.8369134 0.3307508 0.2356422 0.322912 0.2278034 0.3307508 0.2278034 0.3297792 0.3985254 0.3384856 0.4003677 0.322912 0.4239207 0.3551034 0.4333235 0.3638444 0.4257265 0.37592 0.4365945 0.3638444 0.4257265 0.3504021 0.4251804 0.3493537 0.4112358 0.3493537 0.4112358 0.3457007 0.4239207 0.3384856 0.4003677 0.3308701 0.2740254 0.3312228 0.3875253 0.322912 0.4239207 0.4785059 0.4438803 0.4785059 0.4517191 0.4706671 0.4438803 0.6259918 0.7157709 0.6302242 0.7004012 0.6302242 0.7157709 0.6259912 0.8299369 0.6302237 0.8244137 0.6302236 0.8299369 0.6259913 0.8244137 0.6302241 0.7666761 0.6302237 0.8244137 0.6259918 0.7571336 0.6302241 0.7524842 0.6302241 0.7571336 0.3551034 0.4517191 0.3777767 0.4453529 0.3887624 0.4438425 0.9421237 0.1658237 0.9378917 0.3120954 0.9378917 0.1657893 0.172091 0.8279999 0.1678188 0.8320541 0.1678588 0.8279835 0.3887624 0.4438425 0.3777767 0.4453529 0.3854336 0.443311 0.3854336 0.443311 0.3777767 0.4453529 0.3819363 0.4418614 0.3819363 0.4418614 0.3777767 0.4453529 0.3792076 0.4398822 0.335198 0.3970801 0.3297792 0.3985254 0.3332168 0.3943514 0.3332168 0.3943514 0.3297792 0.3985254 0.3317618 0.3908541 0.3317618 0.3908541 0.3297792 0.3985254 0.3312228 0.3875253 0.6259918 0.6924195 0.6302242 0.6957518 0.6259918 0.6957518 0.6259918 0.6889127 0.6302242 0.6924195 0.6259918 0.6924195 0.6259918 0.6861709 0.6302242 0.6889127 0.6259918 0.6889127 0.6302241 0.7604607 0.6259918 0.7571336 0.6302241 0.7571336 0.6302241 0.7639535 0.6259918 0.7604607 0.6302241 0.7604607 0.6302241 0.7666761 0.6259918 0.7639535 0.6302241 0.7639535 0.6259918 0.6861709 0.6259915 0.6053831 0.6265775 0.6053831 0.9378917 0.004793941 0.9446482 0.01953816 0.9378917 0.01948326 0.6486323 0.03519666 0.6418751 0.02214318 0.6486322 0.02214312 0.7014594 0.1031749 0.7014594 0.07060509 0.7105928 0.1090931 0.2869051 0.9533936 0.28267 0.9487556 0.2869024 0.9487534 0.6486322 0.02214312 0.6418751 0.005173802 0.6486322 0.005173742 0.7707526 0.5175259 0.7891483 0.4934424 0.798551 0.5028452 0.8486571 0.4975395 0.8419045 0.5015962 0.8419001 0.4975426 0.8486616 0.5015931 0.841907 0.5064538 0.8419045 0.5015962 0.8486641 0.5064507 0.8419069 0.5108138 0.841907 0.5064538 0.8486571 0.5279073 0.8419069 0.5108138 0.8486639 0.5108107 0.1943987 0.8562105 0.1986311 0.8610777 0.1943987 0.8610776 0.2212756 0.8495371 0.2255077 0.8632949 0.2212756 0.8632605 0.4627248 0.6677261 0.4705637 0.4833487 0.4705637 0.675565 0.2868936 0.9334142 0.2826495 0.9129641 0.2868819 0.9129619 0.2868819 0.9129619 0.282641 0.8967189 0.2868734 0.8967167 0.6486322 0.1090934 0.6443998 0.02214318 0.6486322 0.02214312 0.2400399 0.8651133 0.2358075 0.8490562 0.2400399 0.8490562 0.6265772 0.5651748 0.6302235 0.5604783 0.6302235 0.5651749 0.37592 0.01901221 0.3551034 0.02228325 0.3551034 0.003887593 0.05618995 0.8420937 0.05983656 0.8344116 0.0598362 0.8420955 0.1944089 0.8519797 0.1986311 0.8562106 0.1943987 0.8562105 0.3307508 0.2199646 0.3307508 0.2278034 0.322912 0.2278034 0.322912 0.031686 0.3384856 0.05523902 0.3297792 0.05708134 0.3638444 0.02988028 0.3551034 0.02228325 0.37592 0.01901221 0.3638444 0.02988028 0.3504021 0.03042632 0.3538438 0.02698463 0.3493537 0.04437094 0.3457007 0.03168606 0.3504021 0.03042632 0.322912 0.031686 0.3308542 0.186697 0.322912 0.2278034 0.4785059 0.01172643 0.4706671 0.01172643 0.4785059 0.003887593 0.2869024 0.9487534 0.2826612 0.9334163 0.2868936 0.9334142 0.2868896 0.8208182 0.2826591 0.8149395 0.2868915 0.8149374 0.2868896 0.8208182 0.2826536 0.831308 0.2826572 0.8208203 0.2868734 0.8967167 0.2826383 0.8920786 0.2868707 0.8920764 0.4785059 0.003887593 0.3887624 0.01176422 0.3551034 0.003887593 0.9378917 0.01948326 0.9421237 0.1658237 0.9378917 0.1657893 0.1943987 0.8610776 0.1986413 0.865277 0.1944089 0.8652769 0.3887624 0.01176422 0.3854336 0.01229578 0.3777767 0.01025378 0.3854336 0.01229578 0.3819363 0.01374536 0.3777767 0.01025378 0.3819363 0.01374536 0.3792076 0.01572459 0.3777767 0.01025378 0.335198 0.05852669 0.3332168 0.06125539 0.3297792 0.05708134 0.3332168 0.06125539 0.3317618 0.06475263 0.3297792 0.05708134 0.3317618 0.06475263 0.3312228 0.06808137 0.3297792 0.05708134 0.2869051 0.9533936 0.2826751 0.9566863 0.2826727 0.9533958 0.2869075 0.9566841 0.2826784 0.9600902 0.2826751 0.9566863 0.2869108 0.9600881 0.2826818 0.9626955 0.2826784 0.9600902 0.2826383 0.8920786 0.2868692 0.8887207 0.2868707 0.8920764 0.2826369 0.8887229 0.2868686 0.8851385 0.2868692 0.8887207 0.2826362 0.8851407 0.2868689 0.8822898 0.2868686 0.8851385 0.6265773 0.5434039 0.6259912 0.5434039 0.6259908 0.4594944 0.4627248 0.6677261 0.3420286 0.675565 0.3453621 0.6677261 0.6737309 0.7981898 0.6929751 0.8059688 0.6737552 0.8060286 0.3420286 0.675565 0.4627248 0.6834037 0.338695 0.6834037 0.3378114 0.6437259 0.3352727 0.6417791 0.3232806 0.5158429 0.6975435 0.7932456 0.6737309 0.7981898 0.6973218 0.7870942 0.6737552 0.8060286 0.6896659 0.8138179 0.6737796 0.8138673 0.03699171 0.8586103 0.03334569 0.8644285 0.03334569 0.8585806 0.03699034 0.8280132 0.03334563 0.8527327 0.03334432 0.8279836 0.03699171 0.8527624 0.03334569 0.8585806 0.03334563 0.8527327 0.03699171 0.8644581 0.03334432 0.8931422 0.03334569 0.8644285 0.6265772 0.5757629 0.6302235 0.571252 0.6302235 0.5757629 0.3135885 0.4888456 0.3135885 0.4888456 0.3135885 0.4888456 0.05619025 0.8344098 0.05983591 0.8302355 0.05983656 0.8344116 0.05618959 0.8497775 0.0598362 0.8420955 0.05983591 0.8497793 0.6737796 0.8138673 0.6896542 0.8138372 0.6740182 0.8522499 0.6265773 0.5669376 0.6259913 0.5725001 0.6259913 0.5669376 0.05618959 0.849799 0.05983501 0.8869866 0.0561887 0.8869848 0.3135885 0.4966209 0.3135885 0.4966209 0.3135885 0.4966209 0.6265772 0.5682805 0.6302235 0.571252 0.6265772 0.571252 0.6265772 0.5651748 0.6302235 0.5682805 0.6265772 0.5682805 0.6302235 0.578275 0.6265772 0.5757629 0.6302235 0.5757629 0.05983591 0.8302355 0.0561887 0.8279836 0.05983501 0.8279854 0.6265772 0.557308 0.6302235 0.5604783 0.6265772 0.5604783 0.6265772 0.5541804 0.6302235 0.5573081 0.6265772 0.557308 0.6302235 0.5541805 0.6265773 0.5434039 0.6302235 0.5434039 0.286886 0.8313058 0.2826365 0.8822919 0.2826536 0.831308 0.1253422 0.854611 0.1217465 0.8603049 0.1218013 0.8546077 0.1564812 0.8378249 0.1600221 0.8279834 0.1600221 0.8378249 0.7424045 0.483127 0.7191832 0.4752882 0.743044 0.4752882 0.7191832 0.483127 0.7389516 0.4890435 0.7298716 0.4955657 0.1253678 0.8480951 0.1218013 0.8546077 0.1218269 0.8480916 0.1253678 0.836978 0.1218269 0.8480916 0.1218269 0.8369745 0.1253221 0.827987 0.1218269 0.8369745 0.1217812 0.8279836 0.1564812 0.8433482 0.1600221 0.8378249 0.1600221 0.8433482 0.9378784 0.3305323 0.8759357 0.326281 0.9378917 0.3267846 0.9378422 0.3347225 0.8759224 0.3300287 0.9378784 0.3305323 0.9377927 0.3382323 0.8758862 0.3342188 0.9378422 0.3347225 0.9378422 0.3347225 0.9445492 0.3382872 0.9377927 0.3382323 0.9378784 0.3305323 0.9445987 0.3347774 0.9378422 0.3347225 0.9378917 0.3267846 0.9446349 0.3305872 0.9378784 0.3305323 0.7622854 0.5162495 0.7590515 0.4537531 0.7629773 0.4534757 0.7586645 0.5162757 0.754612 0.4539732 0.7590515 0.4537531 0.7544676 0.5162959 0.7508193 0.454101 0.754612 0.4539732 0.7544676 0.5162959 0.7508517 0.5230616 0.7508193 0.5163047 0.7586645 0.5162757 0.7544999 0.5230528 0.7544676 0.5162959 0.7622854 0.5162495 0.7586968 0.5230326 0.7586645 0.5162757 0.9378917 0.3120954 0.9378917 0.3267846 0.8759357 0.326281 0.01115781 0.4457004 0.003887593 0.4452168 0.01078486 0.4443086 0.01151192 0.4460545 0.004973888 0.4492707 0.01115781 0.4457004 0.01151192 0.4460545 0.01199561 0.4533246 0.007941603 0.4522384 0.01151192 0.01276797 0.01199561 0.005497813 0.01290369 0.01239502 0.01115781 0.01312208 0.007941663 0.006584167 0.01151192 0.01276797 0.01115781 0.01312208 0.003887653 0.01360589 0.004973888 0.009551882 0.01078486 0.4443086 0.003887653 0.2294113 0.01078492 0.2294113 0.01290363 0.4464274 0.1594809 0.4533226 0.01199561 0.4533246 0.01078492 0.01451379 0.003887653 0.2294113 0.003887653 0.01360589 0.01290369 0.01239502 0.1594809 0.005495786 0.1595184 0.01239305 0.3078039 0.4456963 0.3150741 0.4452126 0.3139879 0.4492665 0.3074498 0.4460504 0.3139879 0.4492665 0.3110201 0.4522343 0.3074498 0.4460504 0.3069661 0.4533206 0.3060581 0.4464234 0.3070574 0.0112608 0.3071747 0.003887653 0.3111643 0.005469262 0.3070574 0.0112608 0.3140809 0.008831322 0.3077809 0.01209449 0.3077809 0.01209449 0.3151367 0.01311987 0.3082392 0.01395523 0.3081768 0.4443046 0.3150741 0.2294071 0.3150741 0.4452126 0.3060581 0.4464234 0.1594809 0.4533226 0.1594809 0.4464253 0.3082392 0.01395523 0.3150741 0.2294071 0.3081768 0.2294062 0.3058938 0.01079922 0.1594809 0.005495786 0.3071747 0.003887653 0.1594809 0.4464253 0.01078492 0.2294113 0.3081768 0.2294062 0.6863191 0.1031749 0.6486322 0.1090934 0.6863191 0.07069784 0.7014596 0.02314364 0.6863191 0.007023394 0.7014594 0.006749093 0.2704158 0.7398592 0.2921711 0.6940944 0.2921711 0.7398595 0.2694538 0.4610999 0.2916648 0.550827 0.2694538 0.550827 0.7014596 0.1186125 0.6967213 0.08970469 0.7014596 0.08636599 0.6863193 0.1186127 0.6967213 0.1152739 0.7014596 0.1186125 0.6863193 0.08636605 0.6910576 0.115274 0.6863193 0.1186127 0.6863193 0.08636605 0.6967213 0.08970469 0.6910576 0.08970475 0.7014596 0.08636599 0.6967213 0.02648234 0.7014596 0.02314364 0.7014596 0.08636599 0.6910576 0.08302742 0.6967213 0.08302736 0.6863193 0.02314376 0.6910576 0.08302742 0.6863193 0.08636605 0.6863193 0.02314376 0.6967213 0.02648234 0.6910576 0.02648234 0.2078372 0.8441583 0.2135003 0.8280296 0.2135003 0.8442043 0.8635817 0.4897642 0.8419001 0.4534756 0.8635817 0.4534756 0.08780789 0.8535527 0.08214443 0.8279835 0.08780801 0.8279835 0.3059967 0.8496135 0.3003332 0.7930685 0.3059968 0.7930684 0.3003332 0.8649987 0.3059967 0.8496135 0.3059968 0.8649987 0.7567248 0.8451724 0.7350434 0.764922 0.7567248 0.7649223 0.08214443 0.8689379 0.08780789 0.8535527 0.08780801 0.8689379 0.7272682 0.8451724 0.7055866 0.7649221 0.7272682 0.7649221 0.02556902 0.8642722 0.003887593 0.8279835 0.02556902 0.8279838 0.1943987 0.8441583 0.2000619 0.8280296 0.2000619 0.8442044 0.2694538 0.550827 0.2916648 0.550827 0.2912093 0.5965922 0.7191832 0.504876 0.7343223 0.5049991 0.7343223 0.521229 0.2700908 0.6940941 0.2694538 0.6043675 0.2921711 0.6043678 0.6486359 0.5307526 0.6418789 0.5307526 0.6418787 0.5167804 0.2212756 0.8279836 0.2280322 0.8280385 0.2280322 0.8417618 0.8051124 0.774813 0.8670729 0.7747631 0.8051116 0.792881 0.8670729 0.7747631 0.867068 0.8854101 0.8051116 0.792881 0.886263 0.7729119 0.8904954 0.7729122 0.8904952 0.7775616 0.7105928 0.2244792 0.7105947 0.3776157 0.6486324 0.2384518 0.7105947 0.3776157 0.6486341 0.3776161 0.6486324 0.2384518 0.8051116 0.792881 0.7983546 0.7928864 0.7983554 0.7748185 0.8341247 0.4615836 0.8341247 0.4856671 0.815729 0.4856671 0.815729 0.4856671 0.8110277 0.4844074 0.807586 0.4809657 0.807586 0.4809657 0.8063263 0.4762643 0.815729 0.4856671 0.8063263 0.4762643 0.8063263 0.4534756 0.8260167 0.4534756 0.8341247 0.4615836 0.8260167 0.4534756 0.8300707 0.4545619 0.8063263 0.4762643 0.8260167 0.4534756 0.8341247 0.4615836 0.8300707 0.4545619 0.8330384 0.4575296 0.8341247 0.4615836 0.2358075 0.8412808 0.2358177 0.83705 0.2425747 0.8370501 0.2358177 0.83705 0.2358177 0.8321828 0.2425747 0.832183 0.2358177 0.8321828 0.2358075 0.8279836 0.2425645 0.8279837 0.6486358 0.5167803 0.6418787 0.5167804 0.6418787 0.5007233 0.1373779 0.8542977 0.1331456 0.8542996 0.1331431 0.8494421 0.210649 0.8650332 0.2064166 0.8650331 0.2064166 0.8519796 0.4784025 0.6834037 0.4784025 0.8916419 0.4705637 0.8916419 0.8862621 0.7929307 0.8904945 0.792931 0.8904936 0.8134235 0.8862612 0.8134232 0.8904936 0.8134235 0.8904964 0.8296412 0.8051075 0.88546 0.8008751 0.8854634 0.8008792 0.7928844 0.1373755 0.8450801 0.1331432 0.8450821 0.13315 0.8279855 0.4784025 0.8916419 0.4784025 0.6834037 0.5997159 0.8589973 0.4784025 0.6834037 0.6024323 0.6834037 0.6024441 0.6834231 0.4784025 0.8916419 0.5997159 0.8589973 0.5852252 0.873488 0.6024441 0.6834231 0.6181995 0.7217869 0.4784025 0.6834037 0.6181995 0.7217869 0.6178467 0.8352869 0.4784025 0.6834037 0.6178467 0.8352869 0.6173078 0.8386157 0.6138716 0.8448416 0.5997159 0.8589973 0.6178467 0.8352869 0.610584 0.8481293 0.6173078 0.8386157 0.6158528 0.8421129 0.6138716 0.8448416 0.6138716 0.8448416 0.610584 0.8481293 0.6178467 0.8352869 0.5852252 0.873488 0.5731496 0.884356 0.5603072 0.891604 0.5731496 0.884356 0.5698619 0.8876437 0.5603072 0.891604 0.5698619 0.8876437 0.5671332 0.8896229 0.5603072 0.891604 0.5671332 0.8896229 0.5636359 0.8910725 0.5603072 0.891604 0.5603072 0.891604 0.4784025 0.8916419 0.5852252 0.873488 0.6019083 0.4517191 0.5792351 0.4453529 0.5810918 0.4365945 0.5792351 0.4453529 0.5778042 0.4398822 0.5810918 0.4365945 0.9528646 0.1989545 0.9565107 0.1989761 0.9565106 0.1989983 0.1373824 0.8583513 0.13315 0.8583532 0.1331456 0.8542996 0.6113111 0.4239207 0.6185262 0.4003677 0.6340998 0.4239207 0.6185262 0.4003677 0.6218138 0.3970801 0.6272326 0.3985254 0.5931674 0.4257265 0.6031681 0.4286221 0.6019083 0.4333235 0.5931674 0.4257265 0.6076581 0.4112358 0.6066097 0.4251804 0.6076581 0.4112358 0.6185262 0.4003677 0.6113111 0.4239207 0.6340998 0.4239207 0.6272326 0.3985254 0.6257889 0.3875253 0.6261417 0.2740254 0.626261 0.2356422 0.6340998 0.2278034 0.6340998 0.4239207 0.6257889 0.3875253 0.6261417 0.2740254 0.8862628 0.7775612 0.8904952 0.7775616 0.8904945 0.792931 0.6302236 0.8354603 0.6259912 0.8354603 0.6259912 0.8299369 0.6302232 0.8931441 0.6259908 0.8931441 0.6259912 0.8354603 0.8862641 0.8296409 0.8904964 0.8296412 0.8904962 0.8342906 0.4785059 0.4517191 0.4863447 0.4438803 0.5682494 0.4438425 0.5682494 0.4438425 0.5792351 0.4453529 0.6019083 0.4517191 0.6486358 0.5167803 0.6444034 0.5167804 0.6444017 0.3776161 0.1373754 0.8494402 0.1331431 0.8494421 0.1331432 0.8450821 0.886263 0.7729119 0.8862654 0.7695781 0.8904978 0.7695785 0.8862654 0.7695781 0.8862716 0.766067 0.890504 0.7660673 0.8862716 0.766067 0.88628 0.7633194 0.8905124 0.7633197 0.8904962 0.8342906 0.8904983 0.837616 0.8862659 0.8376157 0.8904983 0.837616 0.8905042 0.8411045 0.8862718 0.8411042 0.8905042 0.8411045 0.8905124 0.8438213 0.88628 0.843821 0.9571809 0.3225506 0.9529488 0.3225256 0.9564045 0.2381098 0.9529488 0.3225256 0.9527584 0.2380882 0.9564045 0.2381098 0.6418753 0.2384518 0.6418752 0.2244796 0.6486322 0.2244796 0.1023401 0.8280097 0.1023984 0.841733 0.09564167 0.8417068 0.7105928 0.1090931 0.7105928 0.2130128 0.6486322 0.1960438 0.7105928 0.2130128 0.6486322 0.2130132 0.6486322 0.1960438 0.9567126 0.06982505 0.9566826 0.07446694 0.9524505 0.07444185 0.6418751 0.2130132 0.6418751 0.1960438 0.6486322 0.1960438 0.7891483 0.4856671 0.7707526 0.4856671 0.7707526 0.4615836 0.7707526 0.4615836 0.7718389 0.4575296 0.7748066 0.4545619 0.7748066 0.4545619 0.7788606 0.4534756 0.7707526 0.4615836 0.7788606 0.4534756 0.798551 0.4534756 0.798551 0.4762643 0.798551 0.4762643 0.7972913 0.4809657 0.7891483 0.4856671 0.7972913 0.4809657 0.7938497 0.4844074 0.7891483 0.4856671 0.7891483 0.4856671 0.7707526 0.4615836 0.798551 0.4762643 0.1024015 0.8460791 0.09564477 0.8460529 0.09564167 0.8417068 0.1023801 0.8509385 0.09562343 0.8509123 0.09564477 0.8460529 0.1023401 0.8550091 0.09558331 0.8549829 0.09562343 0.8509123 0.1798663 0.8450858 0.1798663 0.8279892 0.1866233 0.8279835 0.6444 0.2181882 0.6444 0.213321 0.6486324 0.213321 0.6444 0.2090973 0.6443998 0.1960438 0.6486322 0.1960438 0.4784025 0.6677261 0.4705637 0.675565 0.4705637 0.4833487 0.9569432 0.03402054 0.9568114 0.05448025 0.9525793 0.05445516 0.957055 0.01787161 0.9569432 0.03402054 0.9527111 0.03399544 0.6443998 0.1960438 0.6443998 0.1090935 0.6486322 0.1090934 0.6444 0.2384518 0.6444 0.2223948 0.6486324 0.2223947 0.1101954 0.8450462 0.1138417 0.8450459 0.1138437 0.8497413 0.5778042 0.01572459 0.5792351 0.01025378 0.5810918 0.01901221 0.5792351 0.01025378 0.6019083 0.003887593 0.5810918 0.01901221 0.9529104 0.1828191 0.9565565 0.1828407 0.9565336 0.1909084 0.6444 0.213321 0.6444 0.2090973 0.6486323 0.2090973 0.6218138 0.05852669 0.6185262 0.05523902 0.6272326 0.05708134 0.6185262 0.05523902 0.6113111 0.03168606 0.6340998 0.031686 0.6019083 0.02228325 0.6031681 0.02698463 0.5931674 0.02988028 0.5931674 0.02988028 0.6031681 0.02698463 0.6066097 0.03042632 0.6076581 0.04437094 0.6066097 0.03042632 0.6113111 0.03168606 0.6257889 0.06808137 0.6272326 0.05708134 0.6340998 0.031686 0.6340998 0.031686 0.6340998 0.2278034 0.6261576 0.186697 0.6340998 0.2278034 0.626261 0.2199646 0.6261576 0.186697 0.9568114 0.05448025 0.9567126 0.06982505 0.9524804 0.06979995 0.2826591 0.8149395 0.2826611 0.8090587 0.2868935 0.8090565 0.2868935 0.8090565 0.2826611 0.8090587 0.2826647 0.7985796 0.9570848 0.01322972 0.957055 0.01787161 0.9528228 0.01784652 0.5003184 0.01173287 0.4863447 0.01172643 0.4785059 0.003887593 0.4785059 0.003887593 0.6019083 0.003887593 0.5682494 0.01176422 0.6019083 0.003887593 0.5792351 0.01025378 0.5682494 0.01176422 0.6444017 0.3776161 0.6444 0.2384518 0.6486324 0.2384518 0.6444 0.2223948 0.6444 0.2181882 0.6486324 0.2181882 0.9566659 0.07782191 0.9524338 0.07779681 0.9524505 0.07444185 0.956656 0.08139973 0.9524239 0.0813747 0.9524338 0.07779681 0.9566557 0.08424192 0.9524236 0.08421683 0.9524239 0.0813747 0.9528788 0.00991106 0.9571109 0.009936153 0.9570848 0.01322972 0.9529139 0.00650078 0.9571461 0.006525874 0.9571109 0.009936153 0.9529488 0.003887653 0.9571809 0.003912687 0.9571461 0.006525874 0.9526146 0.1729509 0.9524236 0.08421683 0.9562608 0.1729725 0.9524236 0.08421683 0.9566557 0.08424192 0.9562608 0.1729725 0.5990988 0.675565 0.4705637 0.675565 0.4784025 0.6677261 0.6467113 0.8059689 0.6434021 0.7981197 0.6659556 0.7981898 0.5990988 0.675565 0.6024323 0.6834037 0.4784025 0.6834037 0.5957652 0.6677261 0.4784025 0.6677261 0.5944908 0.6628559 0.4784025 0.6677261 0.4784025 0.4827093 0.5997385 0.6467923 0.5944908 0.6628559 0.4784025 0.6677261 0.5942135 0.6597675 0.4784025 0.4827093 0.484319 0.4792563 0.6178467 0.5158429 0.5942135 0.6597675 0.4784025 0.6677261 0.5946934 0.6567039 0.4908412 0.4701764 0.4923762 0.4594944 0.5603072 0.4595258 0.5946934 0.6567039 0.4784025 0.6677261 0.5962855 0.6519277 0.484319 0.4792563 0.4908412 0.4701764 0.5603072 0.4595258 0.5962855 0.6519277 0.4784025 0.6677261 0.5977174 0.6491619 0.5977174 0.6491619 0.4784025 0.6677261 0.5997385 0.6467923 0.5603072 0.4595258 0.5636359 0.4600573 0.5698619 0.4634861 0.484319 0.4792563 0.5852252 0.4776418 0.5997159 0.4921325 0.5636359 0.4600573 0.5671332 0.4615069 0.5698619 0.4634861 0.5731496 0.4667738 0.5852252 0.4776418 0.484319 0.4792563 0.5698619 0.4634861 0.5731496 0.4667738 0.5603072 0.4595258 0.5997385 0.6467923 0.4784025 0.4827093 0.6178467 0.5158429 0.6178467 0.5158429 0.484319 0.4792563 0.5997159 0.4921325 0.610584 0.5030006 0.6138716 0.5062882 0.6178467 0.5158429 0.6138716 0.5062882 0.6158528 0.5090169 0.6178467 0.5158429 0.5603072 0.4595258 0.5731496 0.4667738 0.484319 0.4792563 0.5997159 0.4921325 0.610584 0.5030006 0.6178467 0.5158429 0.6158528 0.5090169 0.6173078 0.5125142 0.6178467 0.5158429 0.6178467 0.5158429 0.6182154 0.6344585 0.6085359 0.6400339 0.6178467 0.5158429 0.6085359 0.6400339 0.6058546 0.6417791 0.5997385 0.6467923 0.6178467 0.5158429 0.603316 0.6437259 0.6659556 0.7981898 0.6434021 0.7981197 0.6421429 0.7932456 0.6421429 0.7932456 0.6418752 0.7901563 0.6423646 0.7870942 0.6423646 0.7870942 0.6439715 0.7823231 0.6659556 0.7981898 0.6439715 0.7823231 0.645412 0.7795617 0.6474404 0.7771984 0.6659556 0.7981898 0.6439715 0.7823231 0.6474404 0.7771984 0.6474404 0.7771984 0.6510274 0.7741431 0.6659556 0.7981898 0.6510274 0.7741431 0.6535721 0.7722042 0.6659556 0.7981898 0.6535721 0.7722042 0.6562588 0.7704674 0.6659556 0.7981898 0.6562588 0.7704674 0.6659556 0.7649221 0.6659556 0.7981898 0.6659312 0.8060286 0.6659069 0.8138674 0.6500205 0.813818 0.04841333 0.8627878 0.04476702 0.8627877 0.04476702 0.8572254 0.04841333 0.851663 0.04476702 0.8516629 0.04476708 0.8279835 0.04841333 0.8572254 0.04476702 0.8572254 0.04476702 0.8516629 0.04841333 0.8899403 0.04476708 0.8899403 0.04476702 0.8627877 0.1101931 0.8558222 0.1138394 0.8558219 0.1138305 0.8603395 0.9529161 0.1783373 0.9565622 0.1783589 0.9565565 0.1828407 0.9528875 0.1908868 0.9565336 0.1909084 0.9565107 0.1989761 0.6500322 0.8138374 0.6500205 0.813818 0.6659069 0.8138674 0.9563143 0.1978593 0.9562608 0.1729725 0.9569004 0.1978628 0.9562608 0.1729725 0.9568468 0.1729759 0.9569004 0.1978628 0.9563272 0.2037072 0.9563143 0.1978593 0.9569004 0.1978628 0.9563272 0.2037072 0.9569004 0.1978628 0.9569132 0.2037106 0.9569905 0.2381133 0.9564045 0.2381098 0.9569261 0.2095584 0.9564045 0.2381098 0.9563401 0.209555 0.9569261 0.2095584 0.9563401 0.209555 0.9563272 0.2037072 0.9569132 0.2037106 0.9527584 0.2380882 0.9528645 0.1989767 0.9565106 0.1989983 0.1101931 0.8558222 0.1101967 0.8528479 0.113843 0.8528476 0.1101967 0.8528479 0.1101974 0.8497416 0.1138437 0.8497413 0.1138305 0.8603395 0.1138231 0.8628569 0.1101768 0.8628572 0.9565601 0.1758702 0.9565622 0.1783589 0.9529161 0.1783373 0.1101954 0.8450462 0.1101933 0.8418773 0.1138396 0.841877 0.1101933 0.8418773 0.1101902 0.8387516 0.1138364 0.8387513 0.1101902 0.8387516 0.1101768 0.8279839 0.1138231 0.8279836 0.286897 0.7985774 0.2826647 0.7985796 0.2826818 0.7476371 0.1486987 0.8601204 0.1451577 0.86012 0.1451629 0.8538164 0.1600221 0.858722 0.1564812 0.858722 0.1564812 0.8488715 0.7424045 0.4674494 0.743044 0.4752882 0.7191832 0.4752882 0.7191832 0.4674494 0.7191897 0.4534756 0.7298716 0.4550106 0.7298716 0.4550106 0.7389516 0.4615328 0.7191832 0.4674494 0.1487039 0.8538168 0.1451629 0.8538164 0.1451649 0.8470947 0.1252873 0.8603083 0.1251599 0.8425083 0.121619 0.8425049 0.1487058 0.847095 0.1451649 0.8470947 0.1451636 0.836198 0.1487045 0.8361983 0.1451636 0.836198 0.1451577 0.8279836 0.1600221 0.8488715 0.1564812 0.8488715 0.1564812 0.8433482 0.8670631 0.7633194 0.8670681 0.7668148 0.8051075 0.7668647 0.8670681 0.7668148 0.8670718 0.7710035 0.8051112 0.7710534 0.8670718 0.7710035 0.8670729 0.7747631 0.8051124 0.774813 0.7983554 0.7748185 0.7983542 0.7710588 0.8051112 0.7710534 0.7983542 0.7710588 0.7983505 0.7668702 0.8051075 0.7668647 0.7983505 0.7668702 0.7983455 0.7633748 0.8051025 0.7633693 0.7105928 0.2130128 0.7105928 0.2166401 0.6486322 0.2166405 0.7105928 0.2166401 0.7105928 0.2208371 0.6486322 0.2208375 0.7105928 0.2208371 0.7105928 0.2244792 0.6486322 0.2244796 0.6418752 0.2244796 0.6418752 0.2208375 0.6486322 0.2208375 0.6418752 0.2208375 0.6418751 0.2166405 0.6486322 0.2166405 0.6418751 0.2166405 0.6418751 0.2130132 0.6486322 0.2130132 0.6486341 0.3776161 0.7105947 0.3776157 0.6486358 0.5167803 0.7105947 0.3776157 0.7105965 0.5307522 0.6486358 0.5167803 0.9446482 0.3121503 0.9446482 0.3268396 0.9378917 0.3267846 0.06761193 0.8703916 0.06761187 0.8573381 0.07436895 0.8573381 0.867068 0.8854101 0.8670631 0.996057 0.8051033 0.978039 0.8670631 0.996057 0.8051025 0.9961069 0.8051033 0.978039 0.6259918 0.7004012 0.6259918 0.6957518 0.6302242 0.6957518 0.9378917 0.1657893 0.8759357 0.1652857 0.9378917 0.01948326 0.8759357 0.1652857 0.875692 0.003887653 0.9378917 0.01948326 0.7983455 0.9961124 0.7983462 0.9780445 0.8051033 0.978039 0.815729 0.4934424 0.8341247 0.4934424 0.8341247 0.5175259 0.8341247 0.5175259 0.8330384 0.5215799 0.8300707 0.5245476 0.8300707 0.5245476 0.8260167 0.5256339 0.8341247 0.5175259 0.8260167 0.5256339 0.8063263 0.5256339 0.8063263 0.5028452 0.8063263 0.5028452 0.807586 0.4981438 0.815729 0.4934424 0.807586 0.4981438 0.8110277 0.4947022 0.815729 0.4934424 0.815729 0.4934424 0.8341247 0.5175259 0.8063263 0.5028452 0.06761187 0.8531144 0.07436889 0.8531144 0.07436895 0.8573381 0.06761187 0.8482472 0.07436889 0.8482472 0.07436889 0.8531144 0.06761187 0.8440406 0.07436889 0.8440406 0.07436889 0.8482472 0.06761187 0.8440406 0.06761193 0.8279836 0.07436901 0.8279836 0.172051 0.8320705 0.1720296 0.8369299 0.1677974 0.8369134 0.1720327 0.841276 0.172091 0.8549993 0.1678588 0.8549829 0.4627248 0.6834037 0.4705637 0.675565 0.4705637 0.8916419 0.6259918 0.7362636 0.6259918 0.7157709 0.6302242 0.7157709 0.6259918 0.7524842 0.6259918 0.7362636 0.6302242 0.7362636 0.800871 0.9780424 0.8008751 0.8854634 0.8051075 0.88546 0.8564392 0.5146397 0.8564392 0.4975431 0.8606716 0.4975395 0.338695 0.6834037 0.4627248 0.6834037 0.3386833 0.6834231 0.4627248 0.6834037 0.4627248 0.8916419 0.3414114 0.8589973 0.3414114 0.8589973 0.4627248 0.8916419 0.3559021 0.873488 0.4627248 0.8916419 0.3808202 0.891604 0.3559021 0.873488 0.3808202 0.891604 0.3774914 0.8910725 0.3712654 0.8876437 0.3774914 0.8910725 0.3739941 0.8896229 0.3712654 0.8876437 0.3679777 0.884356 0.3559021 0.873488 0.3808202 0.891604 0.3712654 0.8876437 0.3679777 0.884356 0.3808202 0.891604 0.3229278 0.7217869 0.4627248 0.6834037 0.3232806 0.8352869 0.3229278 0.7217869 0.3386833 0.6834231 0.4627248 0.6834037 0.3238195 0.8386157 0.3232806 0.8352869 0.3272557 0.8448416 0.3272557 0.8448416 0.3232806 0.8352869 0.3305434 0.8481293 0.3272557 0.8448416 0.3252745 0.8421129 0.3238195 0.8386157 0.3414114 0.8589973 0.3305434 0.8481293 0.3232806 0.8352869 0.3792076 0.4398822 0.3777767 0.4453529 0.37592 0.4365945 0.3777767 0.4453529 0.3551034 0.4517191 0.37592 0.4365945 0.05618959 0.849799 0.05618959 0.8497775 0.05983591 0.8497793 0.1720296 0.8369299 0.1720327 0.841276 0.1678005 0.8412596 0.335198 0.3970801 0.3384856 0.4003677 0.3297792 0.3985254 0.3384856 0.4003677 0.3457007 0.4239207 0.322912 0.4239207 0.3551034 0.4333235 0.3538438 0.4286221 0.3638444 0.4257265 0.3638444 0.4257265 0.3538438 0.4286221 0.3504021 0.4251804 0.3493537 0.4112358 0.3504021 0.4251804 0.3457007 0.4239207 0.3312228 0.3875253 0.3297792 0.3985254 0.322912 0.4239207 0.322912 0.4239207 0.322912 0.2278034 0.3308701 0.2740254 0.322912 0.2278034 0.3307508 0.2356422 0.3308701 0.2740254 0.6259918 0.7157709 0.6259918 0.7004012 0.6302242 0.7004012 0.6259912 0.8299369 0.6259913 0.8244137 0.6302237 0.8244137 0.6259913 0.8244137 0.6259917 0.7666761 0.6302241 0.7666761 0.6259918 0.7571336 0.6259918 0.7524842 0.6302241 0.7524842 0.3887624 0.4438425 0.4706671 0.4438803 0.4785059 0.4517191 0.4785059 0.4517191 0.3551034 0.4517191 0.3887624 0.4438425 0.9421237 0.1658237 0.9421237 0.3121297 0.9378917 0.3120954 0.172091 0.8279999 0.172051 0.8320705 0.1678188 0.8320541 0.6259918 0.6924195 0.6302242 0.6924195 0.6302242 0.6957518 0.6259918 0.6889127 0.6302242 0.6889127 0.6302242 0.6924195 0.6259918 0.6861709 0.6302242 0.6861709 0.6302242 0.6889127 0.6302241 0.7604607 0.6259918 0.7604607 0.6259918 0.7571336 0.6302241 0.7639535 0.6259918 0.7639535 0.6259918 0.7604607 0.6302241 0.7666761 0.6259917 0.7666761 0.6259918 0.7639535 0.6302238 0.6053831 0.6302242 0.6861709 0.6265775 0.6053831 0.6302242 0.6861709 0.6259918 0.6861709 0.6265775 0.6053831 0.9378917 0.004793941 0.9446482 0.004848897 0.9446482 0.01953816 0.6486323 0.03519666 0.6418753 0.03519666 0.6418751 0.02214318 0.7014594 0.006749093 0.7114078 0.003887653 0.7014594 0.07060509 0.7114078 0.003887653 0.7105928 0.1090931 0.7014594 0.07060509 0.7105928 0.1090931 0.6863191 0.1031749 0.7014594 0.1031749 0.2869051 0.9533936 0.2826727 0.9533958 0.28267 0.9487556 0.6486322 0.02214312 0.6418751 0.02214318 0.6418751 0.005173802 0.7707526 0.5175259 0.7707526 0.4934424 0.7891483 0.4934424 0.7891483 0.4934424 0.7938497 0.4947021 0.7972913 0.4981437 0.7972913 0.4981437 0.798551 0.5028452 0.7891483 0.4934424 0.798551 0.5028452 0.798551 0.5256339 0.7788606 0.5256339 0.7707526 0.5175259 0.7788606 0.5256339 0.7748066 0.5245476 0.798551 0.5028452 0.7788606 0.5256339 0.7707526 0.5175259 0.7748066 0.5245476 0.7718389 0.5215799 0.7707526 0.5175259 0.8486571 0.4975395 0.8486616 0.5015931 0.8419045 0.5015962 0.8486616 0.5015931 0.8486641 0.5064507 0.841907 0.5064538 0.8486641 0.5064507 0.8486639 0.5108107 0.8419069 0.5108138 0.8486571 0.5279073 0.8419001 0.5279103 0.8419069 0.5108138 0.1943987 0.8562105 0.1986311 0.8562106 0.1986311 0.8610777 0.2212756 0.8495371 0.2255077 0.8495715 0.2255077 0.8632949 0.4627248 0.6677261 0.4627248 0.4827093 0.4705637 0.4833487 0.2868936 0.9334142 0.2826612 0.9334163 0.2826495 0.9129641 0.2868819 0.9129619 0.2826495 0.9129641 0.282641 0.8967189 0.6486322 0.1090934 0.6443998 0.1090935 0.6443998 0.02214318 0.2400399 0.8651133 0.2358075 0.8651133 0.2358075 0.8490562 0.6265772 0.5651748 0.6265772 0.5604783 0.6302235 0.5604783 0.3551034 0.003887593 0.3777767 0.01025378 0.37592 0.01901221 0.3777767 0.01025378 0.3792076 0.01572459 0.37592 0.01901221 0.05618995 0.8420937 0.05619025 0.8344098 0.05983656 0.8344116 0.1944089 0.8519797 0.1986413 0.8519797 0.1986311 0.8562106 0.3457007 0.03168606 0.3384856 0.05523902 0.322912 0.031686 0.3384856 0.05523902 0.335198 0.05852669 0.3297792 0.05708134 0.3638444 0.02988028 0.3538438 0.02698463 0.3551034 0.02228325 0.3638444 0.02988028 0.3493537 0.04437094 0.3504021 0.03042632 0.3493537 0.04437094 0.3384856 0.05523902 0.3457007 0.03168606 0.322912 0.031686 0.3297792 0.05708134 0.3312228 0.06808137 0.3312228 0.06808137 0.3308542 0.186697 0.322912 0.031686 0.3308542 0.186697 0.3307508 0.2199646 0.322912 0.2278034 0.2869024 0.9487534 0.28267 0.9487556 0.2826612 0.9334163 0.2868896 0.8208182 0.2826572 0.8208203 0.2826591 0.8149395 0.2868896 0.8208182 0.286886 0.8313058 0.2826536 0.831308 0.2868734 0.8967167 0.282641 0.8967189 0.2826383 0.8920786 0.4785059 0.003887593 0.4706671 0.01172643 0.4566934 0.01173287 0.4566934 0.01173287 0.3887624 0.01176422 0.4785059 0.003887593 0.3887624 0.01176422 0.3777767 0.01025378 0.3551034 0.003887593 0.9378917 0.01948326 0.9421237 0.01951766 0.9421237 0.1658237 0.1943987 0.8610776 0.1986311 0.8610777 0.1986413 0.865277 0.2869051 0.9533936 0.2869075 0.9566841 0.2826751 0.9566863 0.2869075 0.9566841 0.2869108 0.9600881 0.2826784 0.9600902 0.2869108 0.9600881 0.2869142 0.9626933 0.2826818 0.9626955 0.2826383 0.8920786 0.2826369 0.8887229 0.2868692 0.8887207 0.2826369 0.8887229 0.2826362 0.8851407 0.2868686 0.8851385 0.2826362 0.8851407 0.2826365 0.8822919 0.2868689 0.8822898 0.6259908 0.4594944 0.6302232 0.4594944 0.6265773 0.5434039 0.6302232 0.4594944 0.6302235 0.5434039 0.6265773 0.5434039 0.4627248 0.6677261 0.4705637 0.675565 0.3420286 0.675565 0.6737309 0.7981898 0.6962842 0.7981197 0.6929751 0.8059688 0.3420286 0.675565 0.4705637 0.675565 0.4627248 0.6834037 0.4627248 0.4827093 0.4627248 0.6677261 0.3413888 0.6467923 0.4627248 0.6677261 0.3453621 0.6677261 0.3466365 0.6628559 0.4627248 0.6677261 0.3466365 0.6628559 0.3469138 0.6597675 0.4568083 0.4792563 0.4627248 0.4827093 0.3232806 0.5158429 0.4627248 0.6677261 0.3469138 0.6597675 0.3464339 0.6567039 0.4627248 0.6677261 0.3464339 0.6567039 0.3448418 0.6519277 0.3808202 0.4595258 0.4487511 0.4594944 0.4502861 0.4701764 0.4502861 0.4701764 0.4568083 0.4792563 0.3808202 0.4595258 0.4627248 0.6677261 0.3448418 0.6519277 0.34341 0.6491619 0.4627248 0.6677261 0.34341 0.6491619 0.3413888 0.6467923 0.3774914 0.4600573 0.3808202 0.4595258 0.3712654 0.4634861 0.3559021 0.4776418 0.4568083 0.4792563 0.3414114 0.4921325 0.3712654 0.4634861 0.3739941 0.4615069 0.3774914 0.4600573 0.3559021 0.4776418 0.3679777 0.4667738 0.4568083 0.4792563 0.4568083 0.4792563 0.3232806 0.5158429 0.3414114 0.4921325 0.3679777 0.4667738 0.3712654 0.4634861 0.3808202 0.4595258 0.4627248 0.4827093 0.3413888 0.6467923 0.3232806 0.5158429 0.3679777 0.4667738 0.3808202 0.4595258 0.4568083 0.4792563 0.3252745 0.5090169 0.3272557 0.5062882 0.3232806 0.5158429 0.3272557 0.5062882 0.3305434 0.5030006 0.3232806 0.5158429 0.3305434 0.5030006 0.3414114 0.4921325 0.3232806 0.5158429 0.3232806 0.5158429 0.3238195 0.5125142 0.3252745 0.5090169 0.3325914 0.6400339 0.322912 0.6344585 0.3232806 0.5158429 0.3352727 0.6417791 0.3325914 0.6400339 0.3232806 0.5158429 0.3232806 0.5158429 0.3413888 0.6467923 0.3378114 0.6437259 0.6975435 0.7932456 0.6962842 0.7981197 0.6737309 0.7981898 0.6737309 0.7981898 0.6737309 0.764922 0.6834276 0.7704673 0.6834276 0.7704673 0.6861143 0.7722041 0.6737309 0.7981898 0.6861143 0.7722041 0.688659 0.774143 0.6737309 0.7981898 0.688659 0.774143 0.6922459 0.7771983 0.6737309 0.7981898 0.6922459 0.7771983 0.6942744 0.7795616 0.6957149 0.782323 0.6737309 0.7981898 0.6922459 0.7771983 0.6957149 0.782323 0.6957149 0.782323 0.6973218 0.7870942 0.6737309 0.7981898 0.6973218 0.7870942 0.6978112 0.7901562 0.6975435 0.7932456 0.6737552 0.8060286 0.6929751 0.8059688 0.6896659 0.8138179 0.03699171 0.8586103 0.03699171 0.8644581 0.03334569 0.8644285 0.03699034 0.8280132 0.03699171 0.8527624 0.03334563 0.8527327 0.03699171 0.8527624 0.03699171 0.8586103 0.03334569 0.8585806 0.03699171 0.8644581 0.03699034 0.8931719 0.03334432 0.8931422 0.6265772 0.5757629 0.6265772 0.571252 0.6302235 0.571252 0.05619025 0.8344098 0.05618959 0.8302337 0.05983591 0.8302355 0.05618959 0.8497775 0.05618995 0.8420937 0.0598362 0.8420955 0.6737796 0.8138673 0.6896659 0.8138179 0.6896542 0.8138372 0.6265774 0.5780625 0.6265775 0.6053831 0.6259914 0.5780625 0.6265775 0.6053831 0.6259915 0.6053831 0.6259914 0.5780625 0.6265774 0.5725001 0.6265774 0.5780625 0.6259914 0.5780625 0.6265774 0.5725001 0.6259914 0.5780625 0.6259913 0.5725001 0.6259912 0.5434039 0.6265773 0.5434039 0.6259913 0.5669376 0.6265773 0.5434039 0.6265773 0.5669376 0.6259913 0.5669376 0.6265773 0.5669376 0.6265774 0.5725001 0.6259913 0.5725001 0.05618959 0.849799 0.05983591 0.8498009 0.05983501 0.8869866 0.6265772 0.5682805 0.6302235 0.5682805 0.6302235 0.571252 0.6265772 0.5651748 0.6302235 0.5651749 0.6302235 0.5682805 0.6302235 0.578275 0.6265772 0.578275 0.6265772 0.5757629 0.05983591 0.8302355 0.05618959 0.8302337 0.0561887 0.8279836 0.6265772 0.557308 0.6302235 0.5573081 0.6302235 0.5604783 0.6265772 0.5541804 0.6302235 0.5541805 0.6302235 0.5573081 0.6302235 0.5541805 0.6265772 0.5541804 0.6265773 0.5434039 0.286886 0.8313058 0.2868689 0.8822898 0.2826365 0.8822919 0.1253422 0.854611 0.1252873 0.8603083 0.1217465 0.8603049 0.1564812 0.8378249 0.1564812 0.8279834 0.1600221 0.8279834 0.7424045 0.483127 0.7191832 0.483127 0.7191832 0.4752882 0.7298716 0.4955657 0.7191897 0.4971007 0.7191832 0.483127 0.7191832 0.483127 0.7424045 0.483127 0.7389516 0.4890435 0.1253678 0.8480951 0.1253422 0.854611 0.1218013 0.8546077 0.1253678 0.836978 0.1253678 0.8480951 0.1218269 0.8480916 0.1253221 0.827987 0.1253678 0.836978 0.1218269 0.8369745 0.1564812 0.8433482 0.1564812 0.8378249 0.1600221 0.8378249 0.9378784 0.3305323 0.8759224 0.3300287 0.8759357 0.326281 0.9378422 0.3347225 0.8758862 0.3342188 0.8759224 0.3300287 0.9377927 0.3382323 0.8758367 0.3377287 0.8758862 0.3342188 0.9378422 0.3347225 0.9445987 0.3347774 0.9445492 0.3382872 0.9378784 0.3305323 0.9446349 0.3305872 0.9445987 0.3347774 0.9378917 0.3267846 0.9446482 0.3268396 0.9446349 0.3305872 0.7622854 0.5162495 0.7586645 0.5162757 0.7590515 0.4537531 0.7586645 0.5162757 0.7544676 0.5162959 0.754612 0.4539732 0.7544676 0.5162959 0.7508193 0.5163047 0.7508193 0.454101 0.7544676 0.5162959 0.7544999 0.5230528 0.7508517 0.5230616 0.7586645 0.5162757 0.7586968 0.5230326 0.7544999 0.5230528 0.7622854 0.5162495 0.7623178 0.5230064 0.7586968 0.5230326 0.8759357 0.326281 0.8759357 0.1652857 0.9378917 0.3120954 0.8759357 0.1652857 0.9378917 0.1657893 0.9378917 0.3120954 0.01115781 0.4457004 0.004973888 0.4492707 0.003887593 0.4452168 0.01151192 0.4460545 0.007941603 0.4522384 0.004973888 0.4492707 0.01151192 0.4460545 0.01290363 0.4464274 0.01199561 0.4533246 0.01151192 0.01276797 0.007941663 0.006584167 0.01199561 0.005497813 0.01115781 0.01312208 0.004973888 0.009551882 0.007941663 0.006584167 0.01115781 0.01312208 0.01078492 0.01451379 0.003887653 0.01360589 0.01078486 0.4443086 0.003887593 0.4452168 0.003887653 0.2294113 0.01290363 0.4464274 0.1594809 0.4464253 0.1594809 0.4533226 0.01078492 0.01451379 0.01078492 0.2294113 0.003887653 0.2294113 0.01290369 0.01239502 0.01199561 0.005497813 0.1594809 0.005495786 0.3078039 0.4456963 0.3081768 0.4443046 0.3150741 0.4452126 0.3074498 0.4460504 0.3078039 0.4456963 0.3139879 0.4492665 0.3074498 0.4460504 0.3110201 0.4522343 0.3069661 0.4533206 0.3070574 0.0112608 0.3058938 0.01079922 0.3071747 0.003887653 0.3070574 0.0112608 0.3111643 0.005469262 0.3140809 0.008831322 0.3077809 0.01209449 0.3140809 0.008831322 0.3151367 0.01311987 0.3081768 0.4443046 0.3081768 0.2294062 0.3150741 0.2294071 0.3060581 0.4464234 0.3069661 0.4533206 0.1594809 0.4533226 0.3082392 0.01395523 0.3151367 0.01311987 0.3150741 0.2294071 0.3058938 0.01079922 0.1595184 0.01239305 0.1594809 0.005495786 0.1594809 0.4464253 0.01290363 0.4464274 0.01078486 0.4443086 0.01290363 0.4464274 0.01151192 0.4460545 0.01115781 0.4457004 0.01078486 0.4443086 0.01290363 0.4464274 0.01115781 0.4457004 0.01078492 0.2294113 0.01078492 0.01451379 0.1595184 0.01239305 0.01078492 0.01451379 0.01115781 0.01312208 0.01151192 0.01276797 0.1595184 0.01239305 0.01078492 0.01451379 0.01290369 0.01239502 0.01078486 0.4443086 0.01078492 0.2294113 0.1594809 0.4464253 0.3060581 0.4464234 0.1594809 0.4464253 0.3081768 0.4443046 0.3078039 0.4456963 0.3074498 0.4460504 0.3060581 0.4464234 0.3081768 0.2294062 0.3081768 0.4443046 0.1594809 0.4464253 0.3081768 0.4443046 0.3078039 0.4456963 0.3060581 0.4464234 0.3077809 0.01209449 0.3082392 0.01395523 0.3058938 0.01079922 0.3082392 0.01395523 0.3081768 0.2294062 0.1595184 0.01239305 0.3058938 0.01079922 0.3070574 0.0112608 0.3077809 0.01209449 0.01151192 0.01276797 0.01290369 0.01239502 0.01078492 0.01451379 0.1595184 0.01239305 0.3058938 0.01079922 0.3082392 0.01395523 0.1595184 0.01239305 0.3081768 0.2294062 0.01078492 0.2294113 0.6863191 0.1031749 0.7105928 0.1090931 0.6486322 0.1090934 0.6486322 0.1090934 0.6486322 0.02214312 0.6863191 0.07069784 0.6486322 0.02214312 0.6486322 0.005173742 0.6863191 0.007023394 0.6863191 0.07069784 0.6486322 0.02214312 0.6863191 0.007023394 0.6486322 0.005173742 0.7114078 0.003887653 0.6863191 0.007023394 0.7114078 0.003887653 0.7014594 0.006749093 0.6863191 0.007023394 0.7014596 0.02314364 0.6863193 0.02314376 0.6863191 0.007023394 0.2704158 0.7398592 0.2700908 0.6940941 0.2921711 0.6940944 0.2694538 0.4610999 0.2925578 0.4610999 0.2916648 0.550827 0.7014596 0.1186125 0.6967213 0.1152739 0.6967213 0.08970469 0.6863193 0.1186127 0.6910576 0.115274 0.6967213 0.1152739 0.6863193 0.08636605 0.6910576 0.08970475 0.6910576 0.115274 0.6863193 0.08636605 0.7014596 0.08636599 0.6967213 0.08970469 0.7014596 0.08636599 0.6967213 0.08302736 0.6967213 0.02648234 0.7014596 0.08636599 0.6863193 0.08636605 0.6910576 0.08302742 0.6863193 0.02314376 0.6910576 0.02648234 0.6910576 0.08302742 0.6863193 0.02314376 0.7014596 0.02314364 0.6967213 0.02648234 0.2078372 0.8441583 0.2078372 0.8279835 0.2135003 0.8280296 0.8635817 0.4897642 0.8419001 0.4897642 0.8419001 0.4534756 0.08780789 0.8535527 0.08214432 0.8535527 0.08214443 0.8279835 0.3059967 0.8496135 0.3003331 0.8496135 0.3003332 0.7930685 0.3003332 0.8649987 0.3003331 0.8496135 0.3059967 0.8496135 0.7567248 0.8451724 0.7350434 0.8451721 0.7350434 0.764922 0.08214443 0.8689379 0.08214432 0.8535527 0.08780789 0.8535527 0.7272682 0.8451724 0.7055866 0.8451724 0.7055866 0.7649221 0.02556902 0.8642722 0.003887593 0.8642719 0.003887593 0.8279835 0.1943987 0.8441583 0.1943987 0.8279836 0.2000619 0.8280296</float_array>
          <technique_common>
            <accessor source="#Plane_007-mesh-map-1-array" count="2454" stride="2">
              <param name="S" type="float"/>
              <param name="T" type="float"/>
            </accessor>
          </technique_common>
        </source>
        <vertices id="Plane_007-mesh-vertices">
          <input semantic="POSITION" source="#Plane_007-mesh-positions"/>
        </vertices>
        <triangles material="Material_009-material" count="800">
          <input semantic="VERTEX" source="#Plane_007-mesh-vertices" offset="0"/>
          <input semantic="NORMAL" source="#Plane_007-mesh-normals" offset="1"/>
          <input semantic="TEXCOORD" source="#Plane_007-mesh-map-0" offset="2" set="0"/>
          <input semantic="TEXCOORD" source="#Plane_007-mesh-map-1" offset="2" set="1"/>
          <p>391 0 0 388 1 1 1 1 2 388 2 3 2 2 4 1 2 5 392 3 6 3 4 7 390 5 8 173 6 9 9 6 10 22 7 11 23 2 12 10 2 13 19 2 14 375 8 15 7 8 16 19 8 17 45 9 18 42 10 19 11 11 20 77 6 21 184 6 22 373 6 23 19 8 24 177 8 25 172 8 26 177 12 27 15 13 28 16 14 29 23 15 30 17 16 31 15 17 32 24 18 33 18 19 34 17 20 35 25 21 36 16 22 37 18 23 38 22 24 39 16 24 40 26 24 41 24 25 42 34 26 43 25 27 44 19 6 45 32 6 46 23 6 47 20 28 48 27 1 49 8 29 50 13 30 51 40 31 52 14 32 53 14 33 54 39 34 55 12 35 56 7 8 57 28 8 58 19 8 59 26 8 60 31 8 61 22 8 62 13 36 63 20 28 64 44 37 65 39 38 66 32 39 67 28 40 68 125 41 69 142 42 70 118 43 71 23 44 72 33 44 73 24 45 74 38 46 75 43 1 76 30 47 77 31 48 78 42 49 79 59 50 80 40 51 81 32 39 82 39 38 83 40 51 84 34 52 85 33 53 86 41 54 87 35 55 88 34 52 89 121 56 90 30 47 91 31 48 92 37 1 93 36 1 94 29 57 95 11 11 96 41 58 97 13 30 98 21 59 99 37 24 100 27 24 101 49 60 102 36 61 103 21 59 104 12 62 105 53 63 106 48 32 107 52 1 108 28 40 109 29 57 110 22 7 111 30 6 112 5 6 113 25 64 114 35 65 115 26 66 116 52 1 117 55 1 118 54 67 119 55 1 120 56 1 121 54 67 122 56 1 123 53 1 124 54 67 125 57 1 126 60 68 127 59 50 128 60 68 129 61 69 130 59 50 131 61 69 132 58 70 133 59 50 134 45 71 135 60 72 136 57 73 137 47 74 138 61 75 139 60 76 140 46 77 141 58 78 142 61 79 143 53 80 144 50 81 145 48 82 146 56 83 147 51 83 148 50 84 149 55 85 150 49 86 151 51 87 152 133 88 153 121 89 154 58 90 155 64 6 156 184 6 157 77 6 158 65 2 159 78 2 160 74 2 161 74 24 162 63 91 163 376 24 164 96 92 165 98 93 166 66 94 167 188 24 168 74 24 169 185 24 170 71 95 171 188 96 172 189 97 173 72 98 174 78 99 175 70 100 176 73 101 177 79 102 178 72 103 179 71 104 180 80 105 181 73 106 182 71 107 183 77 108 184 81 109 185 88 110 186 79 111 187 80 112 188 86 6 189 74 6 190 78 6 191 75 113 192 141 1 193 139 114 194 94 115 195 68 116 196 69 117 197 93 118 198 69 119 199 67 120 200 83 24 201 63 91 202 74 24 203 85 121 204 81 122 205 77 123 206 144 124 207 156 124 208 146 124 209 83 125 210 86 1 211 93 1 212 120 126 213 136 127 214 119 128 215 87 129 216 78 130 217 79 131 218 92 132 219 30 47 220 43 1 221 112 133 222 96 1 223 85 1 224 86 1 225 94 134 226 93 1 227 94 134 228 88 135 229 95 136 230 95 136 231 89 1 232 96 1 233 124 137 234 111 1 235 85 1 236 91 1 237 84 138 238 90 139 239 95 140 240 66 94 241 68 116 242 91 8 243 76 141 244 82 8 245 76 141 246 140 142 247 117 143 248 106 144 249 67 145 250 101 146 251 105 147 252 140 148 253 84 138 254 30 6 255 77 6 256 5 6 257 89 149 258 80 150 259 81 151 260 105 147 261 107 1 262 108 1 263 108 1 264 107 1 265 109 1 266 109 1 267 107 1 268 106 1 269 110 1 270 112 133 271 113 152 272 113 152 273 112 133 274 114 153 275 114 153 276 112 133 277 111 1 278 113 154 279 98 155 280 110 156 281 114 157 282 100 158 283 113 159 284 111 160 285 99 160 286 114 160 287 103 161 288 106 162 289 101 163 290 104 164 291 109 165 292 103 166 293 102 167 294 108 168 295 104 169 296 111 170 297 124 171 298 135 172 299 119 173 300 75 113 301 120 1 302 136 174 303 134 175 304 132 176 305 119 173 306 20 28 307 8 29 308 97 177 309 145 178 310 144 179 311 134 175 312 158 180 313 159 181 314 132 176 315 138 182 316 136 174 317 126 183 318 132 184 319 127 185 320 129 186 321 135 187 322 130 188 323 127 185 324 134 189 325 129 186 326 128 190 327 131 191 328 126 183 329 147 192 330 159 192 331 149 193 332 122 194 333 133 195 334 128 24 335 150 196 336 137 196 337 120 196 338 119 128 339 138 197 340 125 198 341 142 199 342 131 200 343 133 201 344 43 202 345 38 203 346 131 204 347 122 205 348 142 206 349 133 207 350 135 195 351 123 24 352 130 194 353 147 208 354 157 209 355 155 210 356 148 211 357 156 212 358 157 213 359 159 214 360 151 215 361 149 216 362 160 217 363 150 217 364 151 218 365 144 219 366 154 220 367 152 221 368 145 222 369 153 223 370 154 224 371 143 225 372 135 226 373 153 227 374 117 143 375 105 228 376 102 229 377 141 230 378 161 231 379 139 232 380 117 233 381 162 234 382 76 235 383 161 1 384 164 1 385 162 1 386 166 1 387 161 1 388 162 1 389 139 236 390 166 237 391 115 238 392 163 6 393 82 6 394 141 6 395 115 239 396 165 240 397 116 241 398 116 242 399 167 243 400 117 244 401 76 235 402 164 24 403 82 24 404 366 245 405 175 246 406 173 247 407 367 248 408 174 249 409 175 250 410 368 251 411 172 252 412 174 253 413 177 254 414 174 253 415 172 252 416 179 255 417 175 250 418 174 249 419 178 256 420 173 247 421 175 246 422 370 257 423 187 258 424 185 259 425 371 260 426 186 261 427 187 262 428 372 263 429 184 264 430 186 265 431 189 266 432 186 265 433 184 264 434 191 267 435 187 262 436 186 261 437 190 268 438 185 259 439 187 258 440 366 269 441 173 6 442 22 7 443 194 2 444 347 2 445 207 2 446 195 6 447 208 6 448 204 6 449 204 8 450 7 8 451 375 8 452 224 270 453 227 271 454 196 272 455 384 273 456 358 274 457 257 275 458 351 8 459 204 8 460 346 8 461 201 276 462 351 277 463 350 278 464 202 279 465 208 280 466 200 281 467 203 282 468 209 283 469 202 284 470 201 285 471 210 286 472 203 287 473 201 24 474 207 24 475 211 24 476 217 288 477 209 289 478 210 117 479 215 2 480 204 2 481 208 2 482 205 290 483 27 1 484 206 291 485 222 292 486 198 293 487 199 294 488 221 295 489 199 296 490 197 297 491 212 8 492 7 8 493 204 8 494 214 8 495 211 8 496 207 8 497 205 290 498 198 298 499 226 299 500 212 300 501 215 1 502 221 1 503 318 301 504 302 302 505 295 303 506 216 304 507 208 305 508 209 306 509 220 307 510 213 308 511 225 309 512 241 310 513 224 311 514 214 312 515 215 1 516 222 313 517 221 1 518 222 313 519 217 314 520 223 315 521 223 315 522 218 1 523 224 311 524 298 316 525 240 317 526 214 312 527 37 1 528 29 57 529 219 318 530 223 319 531 196 272 532 198 293 533 37 24 534 206 320 535 27 24 536 219 321 537 231 322 538 206 320 539 235 323 540 197 324 541 230 325 542 212 300 543 236 326 544 234 327 545 213 2 546 207 2 547 193 2 548 218 328 549 210 329 550 211 330 551 234 327 552 236 326 553 237 331 554 237 331 555 236 326 556 238 332 557 238 332 558 236 326 559 235 333 560 239 334 561 241 310 562 242 335 563 242 335 564 241 310 565 243 1 566 243 1 567 241 310 568 240 317 569 242 336 570 227 337 571 239 338 572 243 339 573 229 340 574 242 341 575 240 342 576 228 343 577 243 344 578 232 345 579 235 346 580 230 347 581 233 348 582 238 348 583 232 349 584 231 350 585 237 351 586 233 352 587 240 353 588 298 354 589 310 355 590 358 274 591 244 2 592 257 275 593 258 6 594 245 6 595 254 6 596 388 356 597 393 357 598 376 358 599 275 359 600 273 360 601 246 361 602 254 362 603 362 24 604 359 363 605 362 364 606 250 365 607 251 366 608 258 367 609 252 368 610 250 369 611 259 370 612 253 371 613 252 372 614 260 373 615 251 374 616 253 375 617 257 376 618 251 377 619 261 378 620 259 379 621 266 380 622 260 381 623 254 2 624 264 2 625 258 2 626 255 382 627 141 1 628 8 29 629 248 383 630 271 384 631 249 385 632 249 386 633 270 387 634 247 388 635 63 91 636 262 24 637 254 362 638 261 389 639 263 390 640 257 391 641 332 392 642 320 393 643 322 394 644 270 395 645 264 1 646 262 396 647 313 397 648 297 398 649 296 399 650 258 400 651 265 401 652 259 402 653 269 403 654 225 309 655 213 308 656 263 1 657 273 404 658 289 405 659 271 406 660 264 1 661 270 395 662 271 406 663 266 407 664 265 408 665 272 409 666 267 1 667 266 407 668 263 1 669 301 1 670 213 308 671 91 1 672 268 410 673 84 138 674 246 361 675 272 411 676 248 383 677 256 412 678 91 8 679 82 8 680 256 412 681 317 413 682 268 414 683 247 415 684 283 416 685 278 417 686 84 138 687 282 418 688 262 396 689 257 275 690 213 2 691 193 2 692 260 419 693 267 420 694 261 421 695 282 418 696 285 422 697 284 423 698 285 422 699 286 424 700 284 423 701 286 424 702 283 425 703 284 423 704 287 426 705 290 427 706 289 405 707 290 427 708 291 1 709 289 405 710 291 1 711 288 1 712 289 405 713 275 428 714 290 429 715 287 430 716 277 431 717 291 432 718 290 433 719 276 434 720 288 434 721 291 434 722 283 435 723 280 436 724 278 437 725 286 438 726 281 439 727 280 440 728 285 441 729 279 442 730 281 443 731 312 444 732 301 445 733 288 446 734 255 382 735 296 447 736 297 448 737 311 449 738 313 450 739 309 451 740 296 447 741 205 290 742 302 452 743 320 453 744 321 1 745 274 454 746 334 455 747 311 449 748 335 456 749 309 451 750 315 457 751 308 458 752 309 459 753 303 460 754 304 461 755 312 462 756 306 463 757 307 464 758 311 465 759 304 461 760 306 463 761 308 466 762 305 467 763 303 460 764 335 468 765 323 468 766 325 469 767 299 24 768 305 194 769 310 195 770 314 470 771 326 470 772 297 470 773 315 471 774 296 399 775 302 471 776 308 458 777 318 472 778 310 1 779 311 473 780 225 474 781 269 475 782 318 476 783 299 477 784 310 478 785 312 195 786 307 24 787 300 194 788 333 479 789 323 480 790 331 481 791 332 482 792 324 482 793 333 483 794 327 484 795 335 485 796 325 486 797 326 487 798 336 487 799 327 488 800 330 489 801 320 490 802 328 491 803 329 492 804 321 493 805 330 494 806 319 495 807 312 496 808 300 497 809 294 498 810 282 499 811 317 413 812 337 500 813 141 501 814 316 502 815 338 503 816 294 504 817 256 505 818 337 1 819 164 1 820 163 1 821 338 506 822 340 507 823 339 508 824 340 509 825 316 510 826 292 511 827 339 512 828 292 513 829 293 514 830 341 515 831 293 516 832 294 517 833 164 24 834 256 505 835 82 24 836 349 518 837 377 519 838 347 520 839 348 521 840 378 522 841 349 523 842 346 524 843 379 525 844 348 526 845 348 526 846 351 527 847 346 524 848 349 523 849 353 528 850 348 521 851 347 520 852 352 529 853 349 518 854 359 530 855 382 531 856 381 532 857 361 533 858 383 534 859 382 535 860 360 536 861 384 537 862 383 538 863 360 536 864 363 539 865 358 540 866 361 541 867 365 542 868 360 543 869 359 544 870 364 544 871 361 545 872 207 2 873 347 2 874 377 2 875 171 4 876 366 4 877 169 4 878 170 4 879 367 4 880 171 4 881 170 4 882 369 4 883 368 4 884 183 4 885 370 4 886 181 546 887 182 4 888 371 4 889 183 4 890 182 4 891 373 4 892 372 4 893 169 4 894 374 4 895 4 4 896 168 4 897 375 4 898 369 4 899 180 4 900 374 4 901 373 4 902 181 546 903 376 547 904 62 548 905 345 4 906 377 4 907 378 4 908 344 4 909 378 4 910 379 4 911 344 4 912 380 4 913 342 4 914 357 549 915 381 550 916 382 551 917 357 552 918 383 553 919 356 554 920 356 555 921 384 556 922 354 557 923 343 558 924 385 559 925 377 4 926 342 4 927 375 4 928 6 4 929 354 560 930 385 559 931 192 561 932 355 562 933 376 547 934 381 563 935 389 567 939 63 91 940 392 568 941 0 569 942 387 570 943 386 571 944 389 572 945 390 5 946 2 4 947 0 573 948 393 574 949 391 0 950 1 575 951 394 576 952 391 577 953 2 578 954 395 579 955 1 575 956 390 580 957 396 581 958 2 578 959 390 580 960 394 576 961 397 582 962 391 577 963 398 583 964 0 584 965 391 577 966 400 585 967 399 586 968 3 587 969 400 585 970 390 580 971 3 587 972 398 583 973 401 582 974 402 2 975 412 2 976 405 2 977 405 1 978 413 1 979 404 1 980 410 24 981 412 24 982 411 24 983 414 24 984 416 24 985 415 24 986 408 6 987 414 6 988 407 6 989 407 4 990 415 4 991 406 4 992 404 6 993 410 6 994 403 6 995 409 1 996 417 1 997 408 1 998 403 4 999 411 4 1000 402 4 1001 406 2 1002 416 2 1003 409 2 1004 391 0 1005 393 574 1006 388 1 1007 388 2 1008 389 2 1009 2 2 1010 392 3 1011 387 4 1012 3 4 1013 173 6 1014 176 6 1015 9 6 1016 23 2 1017 15 2 1018 10 2 1019 172 8 1020 369 8 1021 19 8 1022 369 8 1023 375 8 1024 19 8 1025 45 9 1026 57 588 1027 42 10 1028 373 6 1029 374 589 1030 77 6 1031 374 589 1032 5 6 1033 77 6 1034 19 8 1035 10 8 1036 177 8 1037 177 12 1038 10 1 1039 15 13 1040 15 13 1041 17 1 1042 18 590 1043 18 590 1044 16 14 1045 15 13 1046 16 14 1047 9 1 1048 176 591 1049 177 12 1050 176 591 1051 178 592 1052 16 14 1053 176 591 1054 177 12 1055 178 592 1056 179 1 1057 177 12 1058 23 15 1059 24 593 1060 17 16 1061 24 18 1062 25 32 1063 18 19 1064 25 21 1065 26 594 1066 16 22 1067 22 24 1068 9 24 1069 16 24 1070 24 25 1071 33 595 1072 34 26 1073 19 6 1074 28 6 1075 32 6 1076 20 28 1077 21 596 1078 27 1 1079 13 30 1080 41 58 1081 40 31 1082 14 33 1083 40 597 1084 39 34 1085 7 8 1086 29 8 1087 28 8 1088 26 8 1089 35 8 1090 31 8 1091 21 596 1092 20 28 1093 13 36 1094 20 28 1095 125 598 1096 118 599 1097 21 596 1098 13 36 1099 14 600 1100 118 599 1101 122 601 1102 20 28 1103 122 601 1104 44 37 1105 20 28 1106 44 37 1107 46 602 1108 45 603 1109 13 36 1110 44 37 1111 11 604 1112 46 602 1113 47 605 1114 45 603 1115 45 603 1116 11 604 1117 44 37 1118 14 600 1119 12 606 1120 49 607 1121 12 606 1122 48 608 1123 49 607 1124 48 608 1125 50 1 1126 49 607 1127 50 1 1128 51 1 1129 49 607 1130 49 607 1131 21 596 1132 14 600 1133 28 40 1134 54 67 1135 39 38 1136 54 67 1137 53 1 1138 39 38 1139 125 41 1140 138 609 1141 142 42 1142 23 44 1143 32 45 1144 33 44 1145 35 55 1146 42 49 1147 31 48 1148 42 49 1149 57 1 1150 59 50 1151 40 51 1152 33 53 1153 32 39 1154 40 51 1155 41 54 1156 34 52 1157 41 54 1158 42 49 1159 35 55 1160 31 48 1161 59 50 1162 58 70 1163 121 56 1164 38 46 1165 30 47 1166 31 48 1167 58 70 1168 121 56 1169 11 11 1170 42 10 1171 41 58 1172 21 59 1173 36 61 1174 37 24 1175 49 60 1176 52 610 1177 36 61 1178 12 62 1179 39 611 1180 53 63 1181 29 57 1182 36 1 1183 52 1 1184 52 1 1185 54 67 1186 28 40 1187 22 7 1188 31 6 1189 30 6 1190 25 64 1191 34 612 1192 35 65 1193 45 71 1194 47 613 1195 60 72 1196 47 74 1197 46 614 1198 61 75 1199 46 77 1200 44 615 1201 58 78 1202 53 80 1203 56 616 1204 50 81 1205 56 83 1206 55 84 1207 51 83 1208 55 85 1209 52 617 1210 49 86 1211 58 90 1212 44 618 1213 133 88 1214 44 618 1215 122 619 1216 133 88 1217 64 6 1218 189 6 1219 184 6 1220 65 2 1221 70 2 1222 78 2 1223 376 24 1224 370 24 1225 74 24 1226 370 24 1227 185 24 1228 74 24 1229 96 92 1230 110 620 1231 98 93 1232 188 24 1233 65 24 1234 74 24 1235 70 621 1236 65 1 1237 188 96 1238 188 96 1239 190 1 1240 191 1 1241 191 1 1242 189 97 1243 188 96 1244 189 97 1245 64 1 1246 71 95 1247 71 95 1248 73 622 1249 70 621 1250 73 622 1251 72 623 1252 70 621 1253 70 621 1254 188 96 1255 71 95 1256 72 98 1257 79 624 1258 78 99 1259 73 101 1260 80 625 1261 79 102 1262 71 104 1263 81 626 1264 80 105 1265 71 107 1266 64 627 1267 77 108 1268 88 110 1269 87 325 1270 79 111 1271 86 6 1272 83 6 1273 74 6 1274 75 113 1275 8 29 1276 141 1 1277 94 115 1278 95 140 1279 68 116 1280 93 118 1281 94 628 1282 69 119 1283 83 24 1284 84 24 1285 63 91 1286 85 121 1287 89 629 1288 81 122 1289 144 124 1290 152 124 1291 156 124 1292 106 1 1293 107 1 1294 93 1 1295 107 1 1296 83 125 1297 93 1 1298 120 126 1299 137 630 1300 136 127 1301 87 129 1302 86 631 1303 78 130 1304 110 1 1305 96 1 1306 112 133 1307 96 1 1308 89 1 1309 85 1 1310 86 1 1311 87 632 1312 94 134 1313 94 134 1314 87 632 1315 88 135 1316 95 136 1317 88 135 1318 89 1 1319 111 1 1320 112 133 1321 85 1 1322 85 1 1323 30 47 1324 124 137 1325 30 47 1326 92 132 1327 124 137 1328 95 140 1329 96 92 1330 66 94 1331 91 8 1332 90 633 1333 76 141 1334 76 141 1335 90 633 1336 140 142 1337 106 144 1338 93 634 1339 67 145 1340 140 148 1341 90 139 1342 84 138 1343 84 138 1344 83 125 1345 105 147 1346 83 125 1347 107 1 1348 105 147 1349 30 6 1350 85 6 1351 77 6 1352 89 149 1353 88 635 1354 80 150 1355 113 154 1356 100 636 1357 98 155 1358 114 157 1359 99 637 1360 100 158 1361 111 160 1362 97 160 1363 99 160 1364 103 161 1365 109 638 1366 106 162 1367 104 164 1368 108 639 1369 109 165 1370 102 167 1371 105 640 1372 108 168 1373 123 641 1374 97 642 1375 135 172 1376 97 642 1377 111 170 1378 135 172 1379 119 173 1380 8 29 1381 75 113 1382 136 174 1383 137 643 1384 134 175 1385 119 173 1386 125 598 1387 20 28 1388 120 1 1389 75 113 1390 150 644 1391 75 113 1392 139 114 1393 146 645 1394 150 644 1395 75 113 1396 151 646 1397 139 114 1398 115 647 1399 97 177 1400 151 646 1401 75 113 1402 149 1 1403 116 1 1404 117 1 1405 102 648 1406 149 1 1407 75 113 1408 147 649 1409 115 647 1410 116 1 1411 102 648 1412 147 649 1413 75 113 1414 148 650 1415 148 650 1416 75 113 1417 146 645 1418 102 648 1419 104 651 1420 101 652 1421 115 647 1422 69 653 1423 68 654 1424 104 651 1425 103 655 1426 101 652 1427 67 656 1428 69 653 1429 115 647 1430 101 652 1431 67 656 1432 102 648 1433 146 645 1434 139 114 1435 97 177 1436 97 177 1437 115 647 1438 68 654 1439 66 657 1440 98 658 1441 97 177 1442 98 658 1443 100 659 1444 97 177 1445 102 648 1446 67 656 1447 115 647 1448 68 654 1449 66 657 1450 97 177 1451 100 659 1452 99 660 1453 97 177 1454 97 177 1455 123 1 1456 143 661 1457 97 177 1458 143 661 1459 145 178 1460 146 645 1461 97 177 1462 144 179 1463 134 175 1464 137 643 1465 158 180 1466 158 180 1467 160 662 1468 159 181 1469 159 181 1470 155 663 1471 134 175 1472 155 663 1473 157 664 1474 156 665 1475 134 175 1476 155 663 1477 156 665 1478 156 665 1479 152 1 1480 134 175 1481 152 1 1482 154 1 1483 134 175 1484 154 1 1485 153 666 1486 134 175 1487 153 666 1488 135 667 1489 134 175 1490 132 176 1491 131 200 1492 138 182 1493 126 183 1494 131 191 1495 132 184 1496 129 186 1497 134 189 1498 135 187 1499 127 185 1500 132 184 1501 134 189 1502 128 190 1503 133 668 1504 131 191 1505 147 192 1506 155 193 1507 159 192 1508 150 196 1509 158 196 1510 137 196 1511 119 128 1512 136 127 1513 138 197 1514 142 199 1515 138 182 1516 131 200 1517 134 669 1518 135 172 1519 92 670 1520 135 172 1521 124 171 1522 92 670 1523 132 671 1524 134 669 1525 92 670 1526 132 671 1527 92 670 1528 43 202 1529 121 89 1530 133 88 1531 38 203 1532 133 88 1533 131 204 1534 38 203 1535 131 204 1536 132 671 1537 43 202 1538 122 205 1539 118 672 1540 142 206 1541 147 208 1542 148 673 1543 157 209 1544 148 211 1545 146 674 1546 156 212 1547 159 214 1548 160 675 1549 151 215 1550 160 217 1551 158 676 1552 150 217 1553 144 219 1554 145 677 1555 154 220 1556 145 222 1557 143 678 1558 153 223 1559 143 225 1560 123 679 1561 135 226 1562 117 143 1563 140 142 1564 105 228 1565 141 230 1566 163 680 1567 161 231 1568 117 233 1569 167 681 1570 162 234 1571 161 1 1572 163 1 1573 164 1 1574 162 1 1575 167 1 1576 165 1 1577 165 1 1578 166 1 1579 162 1 1580 139 236 1581 161 682 1582 166 237 1583 163 6 1584 164 6 1585 82 6 1586 115 239 1587 166 683 1588 165 240 1589 116 242 1590 165 684 1591 167 243 1592 76 235 1593 162 234 1594 164 24 1595 366 245 1596 367 685 1597 175 246 1598 367 248 1599 368 686 1600 174 249 1601 368 251 1602 369 687 1603 172 252 1604 177 254 1605 179 688 1606 174 253 1607 179 255 1608 178 689 1609 175 250 1610 178 256 1611 176 690 1612 173 247 1613 370 257 1614 371 691 1615 187 258 1616 371 260 1617 372 692 1618 186 261 1619 372 263 1620 373 693 1621 184 264 1622 189 266 1623 191 694 1624 186 265 1625 191 267 1626 190 695 1627 187 262 1628 190 268 1629 188 696 1630 185 259 1631 5 6 1632 374 589 1633 22 7 1634 374 589 1635 366 269 1636 22 7 1637 194 2 1638 350 2 1639 347 2 1640 195 6 1641 200 6 1642 208 6 1643 375 8 1644 380 8 1645 204 8 1646 380 8 1647 346 8 1648 204 8 1649 224 270 1650 239 697 1651 227 271 1652 193 2 1653 385 698 1654 257 275 1655 385 698 1656 384 273 1657 257 275 1658 351 8 1659 195 8 1660 204 8 1661 200 699 1662 195 1 1663 351 277 1664 351 277 1665 353 1 1666 352 1 1667 352 1 1668 350 278 1669 351 277 1670 350 278 1671 194 1 1672 201 276 1673 201 276 1674 203 1 1675 200 699 1676 203 1 1677 202 1 1678 200 699 1679 200 699 1680 351 277 1681 201 276 1682 202 279 1683 209 700 1684 208 280 1685 203 282 1686 210 325 1687 209 283 1688 201 285 1689 211 701 1690 210 286 1691 201 24 1692 194 24 1693 207 24 1694 217 288 1695 216 702 1696 209 289 1697 215 2 1698 212 2 1699 204 2 1700 205 290 1701 8 29 1702 27 1 1703 222 292 1704 223 319 1705 198 293 1706 221 295 1707 222 703 1708 199 296 1709 212 8 1710 29 8 1711 7 8 1712 214 8 1713 218 8 1714 211 8 1715 302 452 1716 205 290 1717 295 704 1718 205 290 1719 206 291 1720 198 298 1721 198 298 1722 206 291 1723 199 705 1724 206 291 1725 231 706 1726 199 705 1727 231 706 1728 233 707 1729 230 708 1730 233 707 1731 232 709 1732 230 708 1733 197 710 1734 199 705 1735 231 706 1736 230 708 1737 197 710 1738 231 706 1739 299 711 1740 205 290 1741 226 299 1742 299 711 1743 295 704 1744 205 290 1745 228 712 1746 226 299 1747 227 713 1748 227 713 1749 226 299 1750 196 714 1751 227 713 1752 229 715 1753 228 712 1754 198 298 1755 196 714 1756 226 299 1757 235 333 1758 236 326 1759 221 1 1760 236 326 1761 212 300 1762 221 1 1763 318 301 1764 315 716 1765 302 302 1766 216 304 1767 215 717 1768 208 305 1769 239 334 1770 224 311 1771 241 310 1772 224 311 1773 218 1 1774 214 312 1775 215 1 1776 216 718 1777 222 313 1778 222 313 1779 216 718 1780 217 314 1781 223 315 1782 217 314 1783 218 1 1784 240 317 1785 241 310 1786 214 312 1787 214 312 1788 213 308 1789 298 316 1790 213 308 1791 220 307 1792 298 316 1793 223 319 1794 224 270 1795 196 272 1796 37 24 1797 219 321 1798 206 320 1799 219 321 1800 234 719 1801 231 322 1802 235 323 1803 221 720 1804 197 324 1805 234 327 1806 219 318 1807 29 57 1808 29 57 1809 212 300 1810 234 327 1811 213 2 1812 214 2 1813 207 2 1814 218 328 1815 217 721 1816 210 329 1817 242 336 1818 229 722 1819 227 337 1820 243 339 1821 228 723 1822 229 340 1823 240 342 1824 226 724 1825 228 343 1826 232 345 1827 238 725 1828 235 346 1829 233 348 1830 237 349 1831 238 348 1832 231 350 1833 234 726 1834 237 351 1835 299 727 1836 226 728 1837 310 355 1838 226 728 1839 240 353 1840 310 355 1841 358 274 1842 363 2 1843 244 2 1844 258 6 1845 250 6 1846 245 6 1847 386 729 1848 381 730 1849 393 357 1850 381 730 1851 376 358 1852 393 357 1853 376 358 1854 389 567 1855 388 356 1856 275 359 1857 287 731 1858 273 360 1859 254 362 1860 245 24 1861 362 24 1862 362 364 1863 245 1 1864 250 365 1865 250 365 1866 252 1 1867 253 1 1868 253 1 1869 251 366 1870 250 365 1871 251 366 1872 244 1 1873 363 732 1874 362 364 1875 363 732 1876 365 733 1877 251 366 1878 363 732 1879 362 364 1880 365 733 1881 364 1 1882 362 364 1883 258 367 1884 259 734 1885 252 368 1886 259 370 1887 260 735 1888 253 371 1889 260 373 1890 261 736 1891 251 374 1892 257 376 1893 244 737 1894 251 377 1895 259 379 1896 265 32 1897 266 380 1898 254 2 1899 262 2 1900 264 2 1901 255 382 1902 316 738 1903 141 1 1904 248 383 1905 272 411 1906 271 384 1907 249 386 1908 271 739 1909 270 387 1910 63 91 1911 84 24 1912 262 24 1913 261 389 1914 267 740 1915 263 390 1916 332 392 1917 328 741 1918 320 393 1919 262 396 1920 284 423 1921 270 395 1922 284 423 1923 283 425 1924 270 395 1925 313 397 1926 314 742 1927 297 398 1928 258 400 1929 264 743 1930 265 401 1931 267 1 1932 273 404 1933 263 1 1934 273 404 1935 287 426 1936 289 405 1937 271 406 1938 265 408 1939 264 1 1940 271 406 1941 272 409 1942 266 407 1943 272 409 1944 273 404 1945 267 1 1946 263 1 1947 289 405 1948 288 1 1949 288 1 1950 301 1 1951 263 1 1952 301 1 1953 269 403 1954 213 308 1955 246 361 1956 273 360 1957 272 411 1958 256 412 1959 268 414 1960 91 8 1961 256 412 1962 294 498 1963 317 413 1964 247 415 1965 270 744 1966 283 416 1967 84 138 1968 268 410 1969 317 745 1970 317 745 1971 282 418 1972 84 138 1973 282 418 1974 284 423 1975 262 396 1976 257 275 1977 263 2 1978 213 2 1979 260 419 1980 266 746 1981 267 420 1982 275 428 1983 277 747 1984 290 429 1985 277 431 1986 276 748 1987 291 432 1988 276 434 1989 274 434 1990 288 434 1991 283 435 1992 286 749 1993 280 436 1994 286 438 1995 285 750 1996 281 439 1997 285 441 1998 282 751 1999 279 442 2000 288 446 2001 274 752 2002 312 444 2003 274 752 2004 300 753 2005 312 444 2006 255 382 2007 8 29 2008 296 447 2009 311 449 2010 314 754 2011 313 450 2012 296 447 2013 8 29 2014 205 290 2015 316 738 2016 255 382 2017 322 755 2018 255 382 2019 297 448 2020 326 756 2021 255 382 2022 326 756 2023 327 757 2024 292 758 2025 316 738 2026 274 454 2027 255 382 2028 327 757 2029 325 759 2030 255 382 2031 325 759 2032 323 760 2033 279 761 2034 294 762 2035 293 763 2036 293 763 2037 292 758 2038 279 761 2039 255 382 2040 323 760 2041 324 764 2042 255 382 2043 324 764 2044 322 755 2045 281 1 2046 279 761 2047 278 765 2048 249 766 2049 292 758 2050 248 767 2051 278 765 2052 280 1 2053 281 1 2054 249 766 2055 247 768 2056 292 758 2057 292 758 2058 274 454 2059 248 767 2060 247 768 2061 278 765 2062 279 761 2063 316 738 2064 322 755 2065 274 454 2066 247 768 2067 279 761 2068 292 758 2069 277 769 2070 275 770 2071 274 454 2072 275 770 2073 246 771 2074 274 454 2075 246 771 2076 248 767 2077 274 454 2078 274 454 2079 276 772 2080 277 769 2081 319 1 2082 300 1 2083 274 454 2084 321 1 2085 319 1 2086 274 454 2087 274 454 2088 322 755 2089 320 453 2090 334 455 2091 314 754 2092 311 449 2093 311 449 2094 312 1 2095 329 1 2096 329 1 2097 330 773 2098 311 449 2099 330 773 2100 328 774 2101 311 449 2102 328 774 2103 332 775 2104 311 449 2105 332 775 2106 333 664 2107 331 776 2108 311 449 2109 332 775 2110 331 776 2111 331 776 2112 335 456 2113 311 449 2114 335 456 2115 336 777 2116 334 455 2117 309 451 2118 313 450 2119 315 457 2120 309 459 2121 308 466 2122 303 460 2123 312 462 2124 311 465 2125 306 463 2126 311 465 2127 309 459 2128 304 461 2129 308 466 2130 310 778 2131 305 467 2132 335 468 2133 331 469 2134 323 468 2135 314 470 2136 334 470 2137 326 470 2138 315 471 2139 313 397 2140 296 399 2141 308 458 2142 315 457 2143 318 472 2144 308 779 2145 310 355 2146 220 780 2147 310 355 2148 298 354 2149 220 780 2150 309 781 2151 308 779 2152 220 780 2153 309 781 2154 220 780 2155 225 474 2156 301 445 2157 312 444 2158 269 475 2159 312 444 2160 311 473 2161 269 475 2162 311 473 2163 309 781 2164 225 474 2165 318 476 2166 295 782 2167 299 477 2168 333 479 2169 324 783 2170 323 480 2171 332 482 2172 322 483 2173 324 482 2174 327 484 2175 336 784 2176 335 485 2177 326 487 2178 334 785 2179 336 487 2180 330 489 2181 321 786 2182 320 490 2183 329 492 2184 319 787 2185 321 493 2186 319 495 2187 329 788 2188 312 496 2189 294 498 2190 279 789 2191 282 499 2192 337 500 2193 163 790 2194 141 501 2195 338 503 2196 341 791 2197 294 504 2198 337 1 2199 338 506 2200 164 1 2201 339 508 2202 341 1 2203 338 506 2204 338 506 2205 337 1 2206 340 507 2207 340 509 2208 337 792 2209 316 510 2210 339 512 2211 340 793 2212 292 513 2213 341 515 2214 339 794 2215 293 516 2216 164 24 2217 338 503 2218 256 505 2219 349 518 2220 378 795 2221 377 519 2222 348 521 2223 379 796 2224 378 522 2225 346 524 2226 380 797 2227 379 525 2228 348 526 2229 353 798 2230 351 527 2231 349 523 2232 352 799 2233 353 528 2234 347 520 2235 350 800 2236 352 529 2237 359 530 2238 361 801 2239 382 531 2240 361 533 2241 360 802 2242 383 534 2243 360 536 2244 358 540 2245 384 537 2246 360 536 2247 365 803 2248 363 539 2249 361 541 2250 364 804 2251 365 542 2252 359 544 2253 362 545 2254 364 544 2255 377 2 2256 385 698 2257 207 2 2258 385 698 2259 193 2 2260 207 2 2261 171 4 2262 367 4 2263 366 4 2264 170 4 2265 368 4 2266 367 4 2267 170 4 2268 168 4 2269 369 4 2270 183 4 2271 371 4 2272 370 4 2273 182 4 2274 372 4 2275 371 4 2276 182 4 2277 180 4 2278 373 4 2279 169 4 2280 366 4 2281 374 4 2282 168 4 2283 6 4 2284 375 4 2285 180 4 2286 4 4 2287 374 4 2288 181 546 2289 370 4 2290 376 547 2291 345 4 2292 343 558 2293 377 4 2294 344 4 2295 345 4 2296 378 4 2297 344 4 2298 379 4 2299 380 4 2300 357 549 2301 355 805 2302 381 550 2303 357 552 2304 382 806 2305 383 553 2306 356 555 2307 383 807 2308 384 556 2309 343 558 2310 192 561 2311 385 559 2312 342 4 2313 380 4 2314 375 4 2315 354 560 2316 384 808 2317 385 559 2318 355 562 2319 62 548 2320 376 547 2321 389 567 2373 376 358 2374 63 91 2375 63 91 2376 254 362 2377 392 568 2378 254 362 2379 359 363 2380 387 817 2381 392 568 2382 254 362 2383 387 817 2384 359 363 2385 381 730 2386 387 817 2387 381 730 2388 386 729 2389 387 817 2390 0 569 2391 3 6 2392 387 570 2393 389 572 2394 392 3 2395 390 5 2396 0 573 2397 386 1 2398 393 574 2399 1 575 2400 395 579 2401 394 576 2402 2 578 2403 396 581 2404 395 579 2405 390 580 2406 397 582 2407 396 581 2408 390 580 2409 391 577 2410 394 576 2411 391 577 2412 399 586 2413 398 583 2414 391 577 2415 390 580 2416 400 585 2417 3 587 2418 401 582 2419 400 585 2420 3 587 2421 0 584 2422 398 583 2423 402 2 2424 411 2 2425 412 2 2426 405 1 2427 412 1 2428 413 1 2429 410 24 2430 413 24 2431 412 24 2432 414 24 2433 417 24 2434 416 24 2435 408 6 2436 417 6 2437 414 6 2438 407 4 2439 414 4 2440 415 4 2441 404 6 2442 413 6 2443 410 6 2444 409 1 2445 416 1 2446 417 1 2447 403 4 2448 410 4 2449 411 4 2450 406 2 2451 415 2 2452 416 2 2453</p>
        </triangles>
        <triangles material="Material_010-material" count="18">
          <input semantic="VERTEX" source="#Plane_007-mesh-vertices" offset="0"/>
          <input semantic="NORMAL" source="#Plane_007-mesh-normals" offset="1"/>
          <input semantic="TEXCOORD" source="#Plane_007-mesh-map-0" offset="2" set="0"/>
          <input semantic="TEXCOORD" source="#Plane_007-mesh-map-1" offset="2" set="1"/>
          <p>6 564 936 4 565 937 192 566 938 6 564 2322 168 4 2323 169 4 2324 168 4 2325 170 4 2326 171 4 2327 169 4 2328 168 4 2329 171 4 2330 4 565 2331 180 809 2332 62 810 2333 180 809 2334 182 4 2335 183 4 2336 62 810 2337 180 809 2338 181 811 2339 169 4 2340 4 565 2341 6 564 2342 342 4 2343 6 564 2344 343 812 2345 345 4 2346 344 4 2347 342 4 2348 192 566 2349 343 812 2350 6 564 2351 343 812 2352 345 4 2353 342 4 2354 356 813 2355 354 814 2356 355 815 2357 354 814 2358 192 566 2359 62 810 2360 355 815 2361 357 816 2362 356 813 2363 183 4 2364 181 811 2365 180 809 2366 62 810 2367 355 815 2368 354 814 2369 62 810 2370 192 566 2371 4 565 2372</p>
        </triangles>
      </mesh>
    </geometry>
  </library_geometries>
  <library_visual_scenes>
    <visual_scene id="Scene" name="Scene">
      <node id="Plane_003" name="Plane.003" type="NODE">
        <matrix sid="transform">0.01 0 4.76837e-9 0 4.76837e-9 -4.37114e-10 -0.01 0 0 0.01 -4.37114e-10 -1.77636e-15 0 0 0 1</matrix>
        <instance_geometry url="#Plane_003-mesh" name="Plane.003">
          <bind_material>
            <technique_common>
              <instance_material symbol="Material_002-material" target="#Material_002-material">
                <bind_vertex_input semantic="UVMap" input_semantic="TEXCOORD" input_set="0"/>
              </instance_material>
            </technique_common>
          </bind_material>
        </instance_geometry>
      </node>
      <node id="Plane_006" name="Plane.006" type="NODE">
        <matrix sid="transform">0.009626422 -1.44095e-15 7.16838e-9 0 4.59024e-9 3.02189e-9 -0.01503319 1.77636e-15 0 0.009626422 4.71917e-9 -5.96046e-8 0 0 0 1</matrix>
        <instance_geometry url="#Plane_006-mesh" name="Plane.006">
          <bind_material>
            <technique_common>
              <instance_material symbol="Material_007-material" target="#Material_007-material">
                <bind_vertex_input semantic="UVMap" input_semantic="TEXCOORD" input_set="0"/>
              </instance_material>
            </technique_common>
          </bind_material>
        </instance_geometry>
      </node>
      <node id="Plane_007" name="Plane.007" type="NODE">
        <matrix sid="transform">0.01 0 4.76837e-9 0 4.76837e-9 -4.37114e-10 -0.01 0 0 0.01 -4.37114e-10 -1.77636e-15 0 0 0 1</matrix>
        <instance_geometry url="#Plane_007-mesh" name="Plane.007">
          <bind_material>
            <technique_common>
              <instance_material symbol="Material_009-material" target="#Material_009-material">
                <bind_vertex_input semantic="UVMap" input_semantic="TEXCOORD" input_set="0"/>
                <bind_vertex_input semantic="UVMap.001" input_semantic="TEXCOORD" input_set="1"/>
              </instance_material>
              <instance_material symbol="Material_010-material" target="#Material_010-material">
                <bind_vertex_input semantic="UVMap" input_semantic="TEXCOORD" input_set="0"/>
                <bind_vertex_input semantic="UVMap.001" input_semantic="TEXCOORD" input_set="1"/>
              </instance_material>
            </technique_common>
          </bind_material>
        </instance_geometry>
      </node>
    </visual_scene>
  </library_visual_scenes>
  <scene>
    <instance_visual_scene url="#Scene"/>
  </scene>
</COLLADA>